Src,Eqid,Version,Datetime,Lat,Lon,Magnitude,Depth,NST,Region
"This USGS data file has been deprecated. To continue receiving updates for earthquake information you must switch to the new data format [http://earthquake.usgs.gov/earthquakes/feed/]. In the future, data feeds will be updated and deprecated following our official deprecation policy [http://earthquake.usgs.gov/earthquakes/feed/policy.php]."
nc,72103006,0,"Thursday, November  7, 2013 20:26:49 UTC",37.7662,-122.6277,1.7,0.70,13,"offshore Northern California"
ak,10841091,1,"Thursday, November  7, 2013 20:26:10 UTC",62.9771,-148.7843,1.2,60.20, 5,"Central Alaska"
nc,72102991,0,"Thursday, November  7, 2013 19:45:07 UTC",38.8130,-122.8112,1.4,1.70,19,"Northern California"
hv,60588241,2,"Thursday, November  7, 2013 19:39:48 UTC",19.4242,-155.6325,2.0,2.80,29,"Island of Hawaii, Hawaii"
ak,10841066,1,"Thursday, November  7, 2013 19:34:44 UTC",64.9979,-147.3226,1.2,4.80, 7,"Central Alaska"
nn,00428674,1,"Thursday, November  7, 2013 19:30:30 UTC",40.1293,-120.8950,1.8,7.00,11,"Northern California"
ak,10841058,1,"Thursday, November  7, 2013 19:27:37 UTC",61.9813,-150.6802,1.6,40.40, 9,"Southern Alaska"
ak,10841053,1,"Thursday, November  7, 2013 19:24:23 UTC",63.4461,-147.6541,2.0,0.00,28,"Central Alaska"
nc,72102971,1,"Thursday, November  7, 2013 19:21:22 UTC",36.2465,-120.8195,2.8,7.60,76,"Central California"
ak,10840943,2,"Thursday, November  7, 2013 18:45:27 UTC",60.4587,-147.7443,1.2,9.60, 6,"Southern Alaska"
nc,72102941,0,"Thursday, November  7, 2013 18:43:10 UTC",37.4103,-118.6037,1.5,11.50, 9,"Central California"
nc,72102936,1,"Thursday, November  7, 2013 18:41:37 UTC",36.8135,-121.5430,1.9,5.10,34,"Central California"
nn,00428668,1,"Thursday, November  7, 2013 18:40:14 UTC",37.5535,-117.5163,1.3,8.80, 7,"Nevada"
uw,60626296,1,"Thursday, November  7, 2013 18:26:15 UTC",43.6600,-121.4343,2.2,0.00,13,"Oregon"
pr,13311008,0,"Thursday, November  7, 2013 18:24:32 UTC",18.1791,-68.0501,2.8,99.00, 7,"Mona Passage, Dominican Republic"
ak,10840886,1,"Thursday, November  7, 2013 18:21:08 UTC",63.5242,-147.8587,1.3,27.00, 9,"Central Alaska"
ak,10840881,1,"Thursday, November  7, 2013 18:16:53 UTC",63.1599,-150.3958,1.8,99.50,20,"Central Alaska"
ak,10840875,1,"Thursday, November  7, 2013 18:03:49 UTC",63.1065,-150.7491,1.7,100.00,17,"Central Alaska"
ci,11388794,2,"Thursday, November  7, 2013 17:43:14 UTC",33.7715,-116.9550,1.4,18.60,33,"Southern California"
ak,10840859,1,"Thursday, November  7, 2013 17:26:09 UTC",62.2071,-145.5269,1.5,7.00, 4,"Central Alaska"
ak,10840856,1,"Thursday, November  7, 2013 17:22:56 UTC",60.3639,-150.9520,1.5,35.50, 9,"Kenai Peninsula, Alaska"
ak,10840854,1,"Thursday, November  7, 2013 17:15:18 UTC",61.6008,-141.2190,1.6,0.00,14,"Southern Alaska"
nc,72102866,1,"Thursday, November  7, 2013 17:11:09 UTC",36.7943,-121.5268,1.5,6.10,22,"Central California"
ci,11388786,2,"Thursday, November  7, 2013 17:05:50 UTC",34.3382,-116.4627,2.3,8.60,70,"Southern California"
nc,72102856,0,"Thursday, November  7, 2013 16:59:01 UTC",40.1108,-120.8977,2.1,1.50,13,"Northern California"
ci,11388762,2,"Thursday, November  7, 2013 16:47:23 UTC",33.1200,-115.6468,1.7,18.30, 9,"Southern California"
nn,00428629,1,"Thursday, November  7, 2013 16:20:15 UTC",40.1072,-120.8753,1.8,7.00,11,"Northern California"
ak,10840840,1,"Thursday, November  7, 2013 16:18:49 UTC",60.5486,-146.9030,1.6,19.20, 8,"Southern Alaska"
nc,72102841,0,"Thursday, November  7, 2013 16:11:51 UTC",37.5705,-122.4447,1.1,10.30, 9,"San Francisco Bay area, California"
ak,10840834,1,"Thursday, November  7, 2013 16:07:06 UTC",62.1027,-145.1352,1.8,20.00,11,"Central Alaska"
nn,00428624,1,"Thursday, November  7, 2013 15:54:55 UTC",39.4013,-119.5643,1.1,7.30,17,"Nevada"
ci,11388746,2,"Thursday, November  7, 2013 15:33:45 UTC",33.2317,-115.6823,1.1,2.20,14,"Southern California"
nc,72102806,1,"Thursday, November  7, 2013 15:08:38 UTC",38.8215,-122.8042,2.0,3.10,39,"Northern California"
ci,11388738,2,"Thursday, November  7, 2013 15:07:25 UTC",32.9812,-116.4445,1.2,12.10,14,"Southern California"
ak,10840826,1,"Thursday, November  7, 2013 15:04:42 UTC",62.2611,-145.7979,1.3,18.10, 4,"Central Alaska"
ci,11388730,2,"Thursday, November  7, 2013 14:54:45 UTC",33.1933,-115.5600,1.6,7.20,11,"Southern California"
ak,10840818,2,"Thursday, November  7, 2013 14:26:23 UTC",53.2623,-169.5589,3.9,60.40,17,"Fox Islands, Aleutian Islands, Alaska"
pr,13311007,0,"Thursday, November  7, 2013 14:07:10 UTC",19.1643,-64.9725,3.0,13.00,11,"Virgin Islands region"
nc,72102781,0,"Thursday, November  7, 2013 13:57:18 UTC",39.3767,-122.9062,1.7,7.70,12,"Northern California"
hv,60588121,2,"Thursday, November  7, 2013 13:38:31 UTC",19.4278,-155.3082,1.8,5.10,64,"Island of Hawaii, Hawaii"
ak,10840808,1,"Thursday, November  7, 2013 13:09:33 UTC",64.6585,-149.6092,2.0,20.90,15,"Central Alaska"
ak,10840805,1,"Thursday, November  7, 2013 12:51:19 UTC",61.6889,-151.2238,1.3,70.90, 7,"Southern Alaska"
ci,11388722,2,"Thursday, November  7, 2013 12:34:20 UTC",33.3860,-116.9595,1.5,15.70,41,"Southern California"
ak,10840799,1,"Thursday, November  7, 2013 12:30:46 UTC",63.3841,-147.9886,1.0,39.30, 7,"Central Alaska"
ak,10840790,1,"Thursday, November  7, 2013 12:09:24 UTC",60.3103,-141.9353,1.2,0.00,12,"Southern Alaska"
nc,72102761,0,"Thursday, November  7, 2013 12:06:37 UTC",38.7533,-122.7108,1.0,3.80, 9,"Northern California"
ak,10840780,1,"Thursday, November  7, 2013 11:45:27 UTC",63.2161,-151.1419,1.7,8.40, 9,"Central Alaska"
ci,11388698,2,"Thursday, November  7, 2013 11:44:42 UTC",32.9488,-115.8590,1.3,6.40, 8,"Southern California"
ci,11388682,2,"Thursday, November  7, 2013 11:43:56 UTC",33.5608,-117.2250,1.5,12.20,44,"Southern California"
ci,11388658,2,"Thursday, November  7, 2013 11:38:41 UTC",35.2903,-118.6152,1.3,5.20,13,"Central California"
ci,11388650,2,"Thursday, November  7, 2013 11:33:58 UTC",34.5028,-118.8293,2.1,0.00,32,"Southern California"
ci,11388642,2,"Thursday, November  7, 2013 11:33:27 UTC",34.0768,-117.5607,1.2,12.30,11,"Greater Los Angeles area, California"
ci,11388634,2,"Thursday, November  7, 2013 11:32:29 UTC",34.0727,-117.5685,2.3,12.90,88,"Greater Los Angeles area, California"
nc,72102741,0,"Thursday, November  7, 2013 11:28:12 UTC",36.5658,-121.1632,1.6,7.70,12,"Central California"
nc,72102736,0,"Thursday, November  7, 2013 11:27:44 UTC",36.5685,-121.1610,1.4,10.20,10,"Central California"
ci,11388626,2,"Thursday, November  7, 2013 11:16:58 UTC",33.1527,-115.9790,1.2,8.60,25,"Southern California"
ak,10840770,1,"Thursday, November  7, 2013 10:50:24 UTC",61.5109,-149.9242,1.4,34.80, 7,"Southern Alaska"
nc,72102711,0,"Thursday, November  7, 2013 10:49:18 UTC",39.3130,-123.4595,2.0,2.80,10,"Northern California"
pr,13311006,0,"Thursday, November  7, 2013 10:18:41 UTC",18.7527,-64.3695,2.2,45.00, 5,"Virgin Islands region"
pr,13311005,0,"Thursday, November  7, 2013 10:17:43 UTC",18.6035,-67.6098,2.6,5.00,11,"Puerto Rico region"
nc,72102691,0,"Thursday, November  7, 2013 10:06:50 UTC",36.2012,-120.7527,1.5,9.60, 9,"Central California"
nn,00428615,1,"Thursday, November  7, 2013 10:01:54 UTC",39.6717,-119.6906,1.1,10.80,12,"Nevada"
ak,10840757,1,"Thursday, November  7, 2013 09:59:04 UTC",62.0373,-150.5072,2.3,48.70,45,"Central Alaska"
nc,72102686,4,"Thursday, November  7, 2013 09:55:09 UTC",40.3747,-125.2532,2.8,7.20,27,"offshore Northern California"
ak,10840755,1,"Thursday, November  7, 2013 09:48:37 UTC",61.8340,-148.5325,1.3,16.60, 9,"Southern Alaska"
ci,11388618,2,"Thursday, November  7, 2013 09:43:47 UTC",35.0643,-118.3487,1.4,3.40,12,"Southern California"
nc,72102666,1,"Thursday, November  7, 2013 09:37:03 UTC",38.8265,-122.8105,1.6,1.90,24,"Northern California"
nc,72102661,1,"Thursday, November  7, 2013 09:32:52 UTC",38.8415,-122.8405,1.7,2.70,33,"Northern California"
se,110713a,A,"Thursday, November  7, 2013 09:20:07 UTC",35.5268,-84.5300,1.8,17.30,11,"eastern Tennessee"
ak,10840744,1,"Thursday, November  7, 2013 09:20:02 UTC",62.4565,-152.1025,2.0,100.00,21,"Central Alaska"
ci,11388610,3,"Thursday, November  7, 2013 09:19:09 UTC",32.2258,-115.2917,3.6,15.50,15,"Baja California, Mexico"
ak,10840742,2,"Thursday, November  7, 2013 09:11:56 UTC",60.5045,-152.3617,1.6,107.70,13,"Southern Alaska"
ak,10840734,1,"Thursday, November  7, 2013 08:56:54 UTC",62.0416,-150.4932,1.8,52.30,25,"Central Alaska"
ak,10840729,1,"Thursday, November  7, 2013 08:18:14 UTC",63.2647,-151.0730,1.8,7.20,15,"Central Alaska"
ak,10840723,1,"Thursday, November  7, 2013 07:49:27 UTC",61.5990,-147.8987,2.0,23.20,31,"Southern Alaska"
ci,11388578,2,"Thursday, November  7, 2013 07:47:08 UTC",33.4580,-116.8782,1.3,14.90,40,"Southern California"
ak,10840719,2,"Thursday, November  7, 2013 07:42:54 UTC",51.5459,-174.7056,3.2,41.00, 8,"Andreanof Islands, Aleutian Islands, Alaska"
pr,13311003,0,"Thursday, November  7, 2013 07:41:11 UTC",19.1312,-64.9698,2.8,17.00,12,"Virgin Islands region"
ci,11388562,2,"Thursday, November  7, 2013 07:22:05 UTC",32.6617,-115.7452,1.6,7.60,22,"Southern California"
ak,10840712,1,"Thursday, November  7, 2013 07:16:14 UTC",62.2705,-145.8683,1.8,6.30, 9,"Central Alaska"
ci,11388554,2,"Thursday, November  7, 2013 07:10:50 UTC",34.0465,-116.3293,1.2,12.90,22,"Southern California"
ak,10840702,2,"Thursday, November  7, 2013 06:54:59 UTC",62.0620,-150.4884,1.6,45.40,15,"Central Alaska"
pr,13311004,0,"Thursday, November  7, 2013 06:52:04 UTC",18.4792,-64.9876,3.3,96.00, 6,"Virgin Islands region"
ak,10840692,1,"Thursday, November  7, 2013 06:45:32 UTC",62.0292,-150.4158,1.8,35.20,17,"Central Alaska"
nn,00428608,1,"Thursday, November  7, 2013 06:20:25 UTC",37.1370,-114.7863,1.1,18.90, 8,"Nevada"
pr,13311002,0,"Thursday, November  7, 2013 06:14:22 UTC",19.1620,-64.9113,3.2,37.00, 8,"Virgin Islands region"
ak,10840682,1,"Thursday, November  7, 2013 06:04:50 UTC",64.4716,-148.8838,1.2,54.50, 8,"Central Alaska"
ak,10840673,1,"Thursday, November  7, 2013 06:02:11 UTC",59.9153,-154.2193,2.9,100.00,33,"Southern Alaska"
ak,10840672,1,"Thursday, November  7, 2013 06:00:40 UTC",64.6314,-144.5882,2.3,57.00, 7,"Central Alaska"
pr,13311001,0,"Thursday, November  7, 2013 05:59:50 UTC",17.8516,-65.2129,2.8,11.00, 3,"Puerto Rico region"
ak,10840658,2,"Thursday, November  7, 2013 05:43:03 UTC",59.8506,-151.7410,2.7,52.80,46,"Kenai Peninsula, Alaska"
ak,10840655,1,"Thursday, November  7, 2013 05:41:14 UTC",62.3295,-151.6427,1.9,75.70, 8,"Central Alaska"
nc,72102606,0,"Thursday, November  7, 2013 05:29:19 UTC",38.8333,-122.7925,1.2,2.40,15,"Northern California"
ak,10840647,1,"Thursday, November  7, 2013 05:27:23 UTC",63.0847,-151.9719,1.9,1.10, 9,"Central Alaska"
ak,10840642,1,"Thursday, November  7, 2013 05:24:51 UTC",62.0326,-150.4655,2.0,39.60,36,"Central Alaska"
ci,11388530,2,"Thursday, November  7, 2013 05:23:30 UTC",33.9938,-116.9858,1.1,7.80,19,"Southern California"
ak,10840628,2,"Thursday, November  7, 2013 05:13:09 UTC",62.0401,-150.5026,4.3,43.60,65,"Central Alaska"
nc,72102586,1,"Thursday, November  7, 2013 05:03:46 UTC",38.8387,-122.8368,1.4,2.10,27,"Northern California"
ci,11388522,2,"Thursday, November  7, 2013 05:02:37 UTC",35.5748,-118.4298,1.1,2.30,10,"Central California"
ci,11388506,2,"Thursday, November  7, 2013 04:57:10 UTC",35.1153,-118.5227,2.2,1.70,38,"Central California"
nc,72102571,1,"Thursday, November  7, 2013 04:52:52 UTC",38.8168,-122.8192,1.2,2.90,30,"Northern California"
ci,11388498,2,"Thursday, November  7, 2013 04:37:14 UTC",33.0342,-116.5255,1.4,11.10,31,"Southern California"
nc,72102556,0,"Thursday, November  7, 2013 04:11:43 UTC",36.2603,-120.8083,1.5,9.70, 7,"Central California"
nc,72102546,0,"Thursday, November  7, 2013 04:02:49 UTC",40.1072,-120.8965,1.7,9.40, 7,"Northern California"
ci,11388490,2,"Thursday, November  7, 2013 03:56:55 UTC",33.3187,-116.1848,1.0,9.70,17,"Southern California"
ci,11388474,2,"Thursday, November  7, 2013 03:40:55 UTC",35.6520,-118.4710,1.5,10.00,16,"Central California"
nc,72102531,1,"Thursday, November  7, 2013 03:31:14 UTC",36.5645,-121.1643,2.0,7.90,24,"Central California"
ci,11388466,2,"Thursday, November  7, 2013 03:29:11 UTC",35.0648,-118.3490,1.3,2.60,10,"Southern California"
nc,72102526,0,"Thursday, November  7, 2013 03:22:04 UTC",38.8198,-122.8298,1.5,1.60,21,"Northern California"
ak,10840600,1,"Thursday, November  7, 2013 03:17:50 UTC",60.2383,-141.7161,1.1,0.20, 6,"Southern Alaska"
uw,60625816,2,"Thursday, November  7, 2013 02:57:03 UTC",47.8945,-122.5883,1.0,16.10,20,"Puget Sound region, Washington"
ak,10840585,2,"Thursday, November  7, 2013 02:53:09 UTC",61.5276,-148.2588,2.1,26.70,31,"Southern Alaska"
ak,10840576,1,"Thursday, November  7, 2013 02:08:20 UTC",61.5158,-151.4280,1.7,76.50,24,"Southern Alaska"
ak,10840573,1,"Thursday, November  7, 2013 01:49:22 UTC",61.2346,-150.9347,1.6,16.70, 7,"Southern Alaska"
ci,11388458,2,"Thursday, November  7, 2013 01:43:02 UTC",36.2045,-117.8600,1.6,9.30,18,"Central California"
uw,60625786,2,"Thursday, November  7, 2013 01:39:03 UTC",47.6902,-121.9652,1.1,23.80,11,"Puget Sound region, Washington"
ak,10840566,1,"Thursday, November  7, 2013 01:19:13 UTC",63.3208,-145.4274,1.7,0.00, 9,"Central Alaska"
uw,60625776,2,"Thursday, November  7, 2013 00:56:09 UTC",47.7032,-121.9562,1.6,25.20,36,"Puget Sound region, Washington"
ak,10840556,1,"Thursday, November  7, 2013 00:55:52 UTC",63.9141,-148.8721,1.9,0.00,23,"Central Alaska"
pr,13311000,0,"Thursday, November  7, 2013 00:33:58 UTC",19.0785,-64.7369,2.8,60.00, 6,"Virgin Islands region"
ci,11388450,2,"Thursday, November  7, 2013 00:30:23 UTC",35.0293,-117.6743,1.4,0.10,19,"Southern California"
nc,72102451,1,"Thursday, November  7, 2013 00:23:13 UTC",38.8128,-122.8203,1.8,3.20,39,"Northern California"
nc,72102436,1,"Thursday, November  7, 2013 00:14:34 UTC",37.3022,-121.6787,2.2,6.10,52,"Northern California"
nc,72102411,0,"Wednesday, November  6, 2013 23:58:47 UTC",38.8135,-122.8137,1.1,3.30,21,"Northern California"
nm,110713b,A,"Wednesday, November  6, 2013 23:19:47 UTC",36.1183,-89.4552,1.5,14.20,17,"Tennessee"
ak,10840266,1,"Wednesday, November  6, 2013 22:52:44 UTC",59.7597,-151.4466,1.4,48.50, 8,"Kenai Peninsula, Alaska"
nc,72102396,0,"Wednesday, November  6, 2013 22:40:18 UTC",36.5417,-121.1312,1.2,7.00, 9,"Central California"
ak,10840252,1,"Wednesday, November  6, 2013 22:18:34 UTC",63.4824,-146.6530,1.5,7.50, 9,"Central Alaska"
ak,10840242,1,"Wednesday, November  6, 2013 22:08:37 UTC",63.9432,-148.6111,1.3,11.00, 7,"Central Alaska"
uw,60625701,1,"Wednesday, November  6, 2013 22:08:33 UTC",49.3102,-120.4838,2.4,0.00, 9,"British Columbia, Canada"
nc,72102346,0,"Wednesday, November  6, 2013 20:57:36 UTC",37.3217,-122.1120,2.2,0.00, 8,"San Francisco Bay area, California"
nn,00428558,1,"Wednesday, November  6, 2013 20:09:46 UTC",38.3524,-118.6994,2.3,10.20,22,"Nevada"
uw,60624422,1,"Wednesday, November  6, 2013 19:36:43 UTC",43.5735,-123.2617,1.4,0.00,11,"Oregon"
uw,60624402,1,"Wednesday, November  6, 2013 19:11:49 UTC",46.4565,-117.9307,1.9,26.20,14,"Washington"
ak,10840023,1,"Wednesday, November  6, 2013 19:08:09 UTC",63.4926,-146.6853,1.7,0.10,19,"Central Alaska"
ci,11388394,2,"Wednesday, November  6, 2013 19:05:23 UTC",33.7907,-116.9497,1.3,19.70,29,"Southern California"
ak,10840010,2,"Wednesday, November  6, 2013 19:01:19 UTC",61.4636,-152.0908,3.1,111.60,72,"Southern Alaska"
ak,10839997,1,"Wednesday, November  6, 2013 18:39:25 UTC",62.7007,-150.7153,2.2,72.00,41,"Central Alaska"
nc,72102301,1,"Wednesday, November  6, 2013 18:25:44 UTC",38.8380,-122.8385,1.5,2.40,28,"Northern California"
pr,13310007,0,"Wednesday, November  6, 2013 17:59:57 UTC",18.9960,-67.1993,2.9,6.00, 8,"Puerto Rico region"
ak,10839983,1,"Wednesday, November  6, 2013 17:57:29 UTC",56.9359,-155.7355,2.9,65.90,18,"Alaska Peninsula"
ak,10839973,1,"Wednesday, November  6, 2013 17:44:16 UTC",63.8980,-150.7534,1.8,2.70,14,"Central Alaska"
ci,11388386,6,"Wednesday, November  6, 2013 17:42:22 UTC",33.8588,-118.2748,2.8,14.40,84,"Greater Los Angeles area, California"
ak,10839968,1,"Wednesday, November  6, 2013 17:22:03 UTC",60.1726,-152.1198,1.8,31.80, 4,"Southern Alaska"
ci,11388370,2,"Wednesday, November  6, 2013 17:19:46 UTC",33.4345,-116.6747,1.0,11.40,28,"Southern California"
ak,10839962,2,"Wednesday, November  6, 2013 17:05:07 UTC",63.0561,-150.9063,1.3,122.60, 8,"Central Alaska"
ak,10839959,1,"Wednesday, November  6, 2013 16:57:50 UTC",60.2763,-147.1861,1.6,0.00, 7,"Southern Alaska"
ci,11388354,2,"Wednesday, November  6, 2013 16:50:36 UTC",34.0438,-116.9075,1.5,19.60,30,"Southern California"
nc,72102251,0,"Wednesday, November  6, 2013 16:27:22 UTC",38.8122,-122.8140,1.1,3.00,18,"Northern California"
nc,72102241,0,"Wednesday, November  6, 2013 16:22:17 UTC",36.5637,-121.1593,1.5,7.90, 8,"Central California"
hv,60587851,2,"Wednesday, November  6, 2013 15:42:08 UTC",19.3873,-155.2815,1.9,2.50,46,"Island of Hawaii, Hawaii"
ak,10839945,1,"Wednesday, November  6, 2013 15:40:13 UTC",62.8524,-150.6393,1.6,14.90, 9,"Central Alaska"
nn,00428521,1,"Wednesday, November  6, 2013 15:23:49 UTC",38.6147,-119.1635,1.5,12.50,14,"Nevada"
nc,72102201,1,"Wednesday, November  6, 2013 15:17:39 UTC",40.2942,-124.4545,2.1,19.30,11,"offshore Northern California"
hv,60587846,1,"Wednesday, November  6, 2013 15:11:21 UTC",19.1367,-155.4288,2.2,40.00,11,"Island of Hawaii, Hawaii"
nc,72102186,0,"Wednesday, November  6, 2013 15:11:21 UTC",36.5598,-121.1597,1.5,5.00, 6,"Central California"
pr,13310006,0,"Wednesday, November  6, 2013 14:55:21 UTC",18.5375,-67.4489,2.6,18.00, 7,"Puerto Rico region"
ak,10839926,2,"Wednesday, November  6, 2013 14:36:23 UTC",60.0420,-152.9876,2.3,105.10,31,"Southern Alaska"
nc,72102156,1,"Wednesday, November  6, 2013 14:23:42 UTC",38.8035,-122.8105,2.4,0.70,50,"Northern California"
nc,72102151,0,"Wednesday, November  6, 2013 14:18:05 UTC",37.5360,-121.3083,2.4,12.70, 8,"Northern California"
ci,11388322,2,"Wednesday, November  6, 2013 14:14:32 UTC",34.5087,-118.8755,2.4,0.00,26,"Southern California"
ak,10839910,1,"Wednesday, November  6, 2013 14:13:03 UTC",62.4628,-149.8711,2.3,57.60,41,"Central Alaska"
ci,11388314,2,"Wednesday, November  6, 2013 13:54:57 UTC",33.2458,-116.2530,1.2,10.30,26,"Southern California"
hv,60587821,2,"Wednesday, November  6, 2013 13:47:00 UTC",19.3617,-155.0792,2.2,6.00,61,"Island of Hawaii, Hawaii"
ci,11388306,2,"Wednesday, November  6, 2013 13:38:24 UTC",33.2397,-115.6860,1.1,0.20,12,"Southern California"
ak,10839895,1,"Wednesday, November  6, 2013 13:29:32 UTC",63.0923,-149.2273,1.3,76.80,10,"Central Alaska"
nc,72102131,5,"Wednesday, November  6, 2013 13:26:07 UTC",36.1967,-120.7623,2.9,8.50,104,"Central California"
nn,00428507,1,"Wednesday, November  6, 2013 13:14:49 UTC",36.1524,-115.3969,1.2,10.20,12,"Nevada"
nn,00428505,1,"Wednesday, November  6, 2013 12:27:16 UTC",38.2698,-118.4029,1.1,4.00, 4,"Nevada"
ci,11388266,2,"Wednesday, November  6, 2013 12:23:20 UTC",32.9835,-116.3487,1.4,11.70,30,"Southern California"
ci,11388250,2,"Wednesday, November  6, 2013 11:54:37 UTC",33.4343,-116.6687,1.2,15.20,19,"Southern California"
ci,11388242,2,"Wednesday, November  6, 2013 11:54:02 UTC",33.4307,-116.6587,1.2,15.20,18,"Southern California"
ci,11388234,2,"Wednesday, November  6, 2013 11:38:46 UTC",33.4358,-116.6698,1.4,15.40,14,"Southern California"
ak,10839873,1,"Wednesday, November  6, 2013 11:38:42 UTC",61.1496,-152.3911,1.1,13.70,14,"Southern Alaska"
ak,10839871,1,"Wednesday, November  6, 2013 11:35:51 UTC",61.5006,-150.7366,1.4,39.60, 7,"Southern Alaska"
pr,13310005,0,"Wednesday, November  6, 2013 11:12:55 UTC",18.3586,-67.2938,2.2,19.00,11,"Mona Passage, Puerto Rico"
ak,10839860,1,"Wednesday, November  6, 2013 11:12:14 UTC",60.0155,-141.3982,1.9,0.80,18,"Southern Alaska"
ak,10839855,1,"Wednesday, November  6, 2013 11:00:22 UTC",62.3571,-149.0875,1.3,1.30, 5,"Central Alaska"
nc,72102061,0,"Wednesday, November  6, 2013 10:43:58 UTC",38.7882,-122.7630,1.1,2.00,17,"Northern California"
ak,10839844,2,"Wednesday, November  6, 2013 10:18:22 UTC",53.3855,-163.5745,3.5,31.60,16,"Unimak Island region, Alaska"
ci,11388186,4,"Wednesday, November  6, 2013 10:10:33 UTC",33.9407,-118.3253,1.6,17.90,41,"Greater Los Angeles area, California"
ci,37163341,2,"Wednesday, November  6, 2013 10:06:18 UTC",33.9408,-118.3308,1.5,18.50,29,"Greater Los Angeles area, California"
ci,37163333,2,"Wednesday, November  6, 2013 10:06:03 UTC",33.9352,-118.3257,1.4,19.90,18,"Greater Los Angeles area, California"
ci,11388178,5,"Wednesday, November  6, 2013 10:05:49 UTC",33.9388,-118.3210,1.5,17.80,33,"Greater Los Angeles area, California"
ci,11388170,4,"Wednesday, November  6, 2013 10:04:20 UTC",33.9427,-118.3395,1.2,18.40,20,"Greater Los Angeles area, California"
nc,72102051,0,"Wednesday, November  6, 2013 09:57:42 UTC",37.5263,-118.8235,1.1,7.10, 9,"Central California"
ci,11388154,5,"Wednesday, November  6, 2013 09:30:00 UTC",35.1765,-117.1258,2.2,3.80,39,"Southern California"
ci,11388138,4,"Wednesday, November  6, 2013 08:23:38 UTC",35.0610,-118.3487,1.8,3.50,19,"Southern California"
nc,72101986,1,"Wednesday, November  6, 2013 08:23:31 UTC",38.8195,-122.8108,1.2,3.60,24,"Northern California"
ci,11388130,4,"Wednesday, November  6, 2013 08:23:29 UTC",35.0577,-118.3515,1.1,4.20,15,"Southern California"
ak,10839821,1,"Wednesday, November  6, 2013 08:12:32 UTC",60.2321,-150.1224,2.4,32.40,27,"Kenai Peninsula, Alaska"
nc,72101961,0,"Wednesday, November  6, 2013 07:56:44 UTC",38.7638,-122.7417,1.2,2.40,21,"Northern California"
ak,10839814,2,"Wednesday, November  6, 2013 07:53:10 UTC",51.6407,-175.0666,3.2,25.60, 9,"Andreanof Islands, Aleutian Islands, Alaska"
ak,10839807,2,"Wednesday, November  6, 2013 07:49:54 UTC",62.8932,-148.8452,2.8,13.10,51,"Central Alaska"
ak,10839798,1,"Wednesday, November  6, 2013 07:30:07 UTC",60.5658,-151.5557,2.0,72.70,14,"Kenai Peninsula, Alaska"
nn,00428497,1,"Wednesday, November  6, 2013 07:29:58 UTC",37.3482,-117.1327,1.3,8.40,14,"Nevada"
ak,10839792,1,"Wednesday, November  6, 2013 07:22:31 UTC",62.2609,-145.7791,2.1,0.10,19,"Central Alaska"
nc,72101941,1,"Wednesday, November  6, 2013 07:22:25 UTC",37.8928,-122.2225,1.8,6.80,37,"San Francisco Bay area, California"
ak,10839784,1,"Wednesday, November  6, 2013 06:34:32 UTC",62.2974,-145.7317,2.0,9.50,15,"Central Alaska"
nn,00428495,1,"Wednesday, November  6, 2013 06:26:50 UTC",39.6716,-119.6919,1.1,10.70,10,"Nevada"
ak,10839775,1,"Wednesday, November  6, 2013 06:11:58 UTC",61.8888,-151.8405,2.4,100.00,39,"Southern Alaska"
ak,10839769,2,"Wednesday, November  6, 2013 06:04:26 UTC",60.0711,-140.6494,2.5,1.20,31,"Southern Yukon Territory, Canada"
hv,60587606,2,"Wednesday, November  6, 2013 05:00:25 UTC",19.3305,-155.1030,2.5,6.20,69,"Island of Hawaii, Hawaii"
ak,10839760,1,"Wednesday, November  6, 2013 04:53:50 UTC",63.8509,-148.5460,1.8,100.00,19,"Central Alaska"
pr,13310003,0,"Wednesday, November  6, 2013 04:41:00 UTC",18.8075,-65.5870,2.7,41.00, 6,"Puerto Rico region"
nc,72101891,0,"Wednesday, November  6, 2013 04:17:34 UTC",38.8055,-122.8265,1.0,2.80,17,"Northern California"
ak,10839747,1,"Wednesday, November  6, 2013 04:13:21 UTC",60.3293,-141.2413,2.1,7.40,23,"Southern Alaska"
nc,71075664,2,"Wednesday, November  6, 2013 04:09:57 UTC",40.5487,-121.6630,1.0,8.40,14,"Northern California"
nc,72101881,0,"Wednesday, November  6, 2013 04:09:33 UTC",38.8162,-122.8208,1.2,3.00,21,"Northern California"
nc,72101876,1,"Wednesday, November  6, 2013 03:54:56 UTC",37.3855,-118.4537,2.0,13.00,19,"Central California"
pr,13310004,0,"Wednesday, November  6, 2013 03:51:07 UTC",18.8630,-64.8287,2.7,69.00, 4,"Virgin Islands region"
ak,10839740,1,"Wednesday, November  6, 2013 03:44:52 UTC",64.8753,-149.4518,1.5,13.70,12,"Central Alaska"
ak,10839737,1,"Wednesday, November  6, 2013 03:32:11 UTC",63.5398,-147.3267,1.7,0.00,15,"Central Alaska"
uu,60043817,2,"Wednesday, November  6, 2013 03:24:28 UTC",38.9633,-111.3967,1.1,2.20,10,"Utah"
ci,11388082,4,"Wednesday, November  6, 2013 03:15:39 UTC",33.7880,-116.1773,1.3,2.20,38,"Southern California"
ci,11388066,4,"Wednesday, November  6, 2013 02:51:22 UTC",33.1332,-115.6407,1.3,1.60,24,"Southern California"
ci,11388058,4,"Wednesday, November  6, 2013 02:48:34 UTC",33.1290,-115.6507,1.2,0.00,23,"Southern California"
ak,10839728,1,"Wednesday, November  6, 2013 02:31:30 UTC",64.9505,-150.6509,1.6,0.00, 6,"Central Alaska"
ak,10839719,1,"Wednesday, November  6, 2013 02:25:17 UTC",64.1479,-147.2413,2.0,1.80,26,"Central Alaska"
nc,72101856,1,"Wednesday, November  6, 2013 02:22:51 UTC",38.8228,-122.8065,2.1,3.10,44,"Northern California"
nc,72101851,1,"Wednesday, November  6, 2013 02:06:47 UTC",38.8177,-122.8190,2.6,2.70,58,"Northern California"
ak,10839705,2,"Wednesday, November  6, 2013 02:05:02 UTC",61.4275,-146.1545,2.4,8.40,47,"Southern Alaska"
pr,13310001,0,"Wednesday, November  6, 2013 02:01:49 UTC",18.0659,-67.0692,2.3,23.00,13,"Puerto Rico"
uu,60043812,4,"Wednesday, November  6, 2013 01:50:33 UTC",44.7562,-110.8325,1.2,6.20,14,"Yellowstone National Park, Wyoming"
ci,11388042,4,"Wednesday, November  6, 2013 01:07:32 UTC",34.2460,-117.4783,1.1,14.40,19,"Southern California"
nc,72101841,2,"Wednesday, November  6, 2013 00:49:52 UTC",41.2123,-122.1115,1.8,6.30,25,"Northern California"
pr,13310000,0,"Wednesday, November  6, 2013 00:40:31 UTC",18.2905,-67.6276,3.2,114.00,17,"Mona Passage, Puerto Rico"
ci,11388026,2,"Wednesday, November  6, 2013 00:22:32 UTC",35.0487,-117.6733,1.1,0.00,11,"Southern California"
ci,11388018,4,"Wednesday, November  6, 2013 00:15:45 UTC",36.0963,-117.8758,1.7,1.90,28,"Central California"
nc,72101836,1,"Wednesday, November  6, 2013 00:14:41 UTC",37.3870,-121.7430,2.1,6.50,38,"San Francisco Bay area, California"
ak,10839662,2,"Tuesday, November  5, 2013 23:57:48 UTC",61.6401,-150.2222,1.8,46.50,33,"Southern Alaska"
nc,72101821,0,"Tuesday, November  5, 2013 23:55:33 UTC",38.7583,-122.7125,1.4,1.20,13,"Northern California"
nc,72101816,1,"Tuesday, November  5, 2013 23:54:58 UTC",38.7573,-122.7187,1.9,1.90,29,"Northern California"
ak,10839651,2,"Tuesday, November  5, 2013 23:51:12 UTC",63.3435,-145.4463,2.4,6.30,38,"Central Alaska"
ci,11388010,4,"Tuesday, November  5, 2013 23:39:30 UTC",32.5943,-116.9872,1.1,0.00,15,"San Diego County urban area, California"
nc,72101811,0,"Tuesday, November  5, 2013 23:38:58 UTC",38.8423,-122.8400,1.0,2.30,20,"Northern California"
ak,10839637,2,"Tuesday, November  5, 2013 23:34:25 UTC",60.0924,-139.7496,2.4,10.40,33,"Southern Yukon Territory, Canada"
nc,72101801,0,"Tuesday, November  5, 2013 23:29:54 UTC",38.8413,-122.8380,1.5,2.10,22,"Northern California"
ak,10839622,2,"Tuesday, November  5, 2013 23:16:20 UTC",53.9310,-166.3547,1.3,6.80,11,"Fox Islands, Aleutian Islands, Alaska"
nc,72101786,1,"Tuesday, November  5, 2013 23:03:17 UTC",38.7872,-122.7363,2.1,1.70,38,"Northern California"
ak,10839605,2,"Tuesday, November  5, 2013 22:44:34 UTC",60.3953,-150.6500,1.6,55.90,19,"Kenai Peninsula, Alaska"
nc,72101771,0,"Tuesday, November  5, 2013 22:39:15 UTC",40.1610,-121.0462,1.7,7.90, 9,"Northern California"
nc,72101766,0,"Tuesday, November  5, 2013 22:38:16 UTC",39.3762,-122.9033,1.9,7.20,15,"Northern California"
nc,72101761,0,"Tuesday, November  5, 2013 22:34:29 UTC",36.5640,-121.1655,1.6,6.80,14,"Central California"
ci,11388002,4,"Tuesday, November  5, 2013 22:30:38 UTC",33.8618,-117.5005,1.3,0.00,25,"Greater Los Angeles area, California"
ci,11387994,2,"Tuesday, November  5, 2013 22:26:23 UTC",34.0385,-117.3002,1.1,19.50,12,"Greater Los Angeles area, California"
uw,60624007,4,"Tuesday, November  5, 2013 22:06:02 UTC",44.6973,-117.4637,2.7,5.30,12,"Oregon"
pr,13309013,0,"Tuesday, November  5, 2013 21:58:48 UTC",17.9622,-65.3572,2.6,12.00, 4,"Puerto Rico region"
ci,11387986,4,"Tuesday, November  5, 2013 21:57:54 UTC",35.0603,-118.3522,1.7,4.10,22,"Southern California"
ci,11387978,4,"Tuesday, November  5, 2013 21:51:00 UTC",33.9828,-116.9650,1.0,18.60,26,"Southern California"
ak,10839581,2,"Tuesday, November  5, 2013 21:44:17 UTC",61.2391,-147.5324,1.5,0.00, 8,"Southern Alaska"
ak,10839578,2,"Tuesday, November  5, 2013 21:40:47 UTC",61.6992,-149.8797,1.3,42.00,11,"Southern Alaska"
ak,10839571,2,"Tuesday, November  5, 2013 21:35:38 UTC",60.2286,-141.4167,1.6,0.00, 8,"Southern Alaska"
uu,60043777,2,"Tuesday, November  5, 2013 21:23:41 UTC",39.7020,-111.2505,1.5,1.70, 5,"Utah"
hv,60587426,2,"Tuesday, November  5, 2013 21:22:02 UTC",20.1508,-155.8150,2.6,25.60,19,"Hawaii region, Hawaii"
ak,10839561,2,"Tuesday, November  5, 2013 21:14:15 UTC",62.2410,-145.7137,1.8,15.00,19,"Central Alaska"
ak,10839565,2,"Tuesday, November  5, 2013 21:08:39 UTC",51.5653,-175.1442,2.8,55.10, 8,"Andreanof Islands, Aleutian Islands, Alaska"
ci,11387970,5,"Tuesday, November  5, 2013 21:07:22 UTC",34.0323,-117.2460,1.1,16.60,41,"Greater Los Angeles area, California"
ak,10839547,2,"Tuesday, November  5, 2013 21:04:38 UTC",62.2350,-145.7290,2.7,15.50,40,"Central Alaska"
ci,11387962,5,"Tuesday, November  5, 2013 20:54:53 UTC",33.5270,-115.8640,1.6,3.40,43,"Southern California"
ak,10840957,2,"Tuesday, November  5, 2013 19:50:10 UTC",63.1127,-150.8412,1.5,130.80,15,"Central Alaska"
pr,13309012,0,"Tuesday, November  5, 2013 19:35:04 UTC",18.0034,-65.4055,2.3,17.00, 3,"Puerto Rico region"
ak,10840956,2,"Tuesday, November  5, 2013 19:27:21 UTC",53.3752,-163.6514,2.4,27.40,12,"Unimak Island region, Alaska"
hv,60587381,2,"Tuesday, November  5, 2013 19:06:26 UTC",19.3342,-155.1467,2.1,3.80,61,"Island of Hawaii, Hawaii"
ak,10840955,2,"Tuesday, November  5, 2013 19:04:36 UTC",53.4202,-163.7143,2.5,58.20, 9,"Unimak Island region, Alaska"
ak,10839508,2,"Tuesday, November  5, 2013 19:00:11 UTC",62.2649,-145.6937,1.5,14.70,14,"Central Alaska"
uu,60043732,2,"Tuesday, November  5, 2013 18:53:39 UTC",38.9610,-111.4082,1.0,5.80, 5,"Utah"
ak,10839503,2,"Tuesday, November  5, 2013 18:50:13 UTC",63.6247,-149.6807,1.6,119.70,22,"Central Alaska"
ak,10839493,2,"Tuesday, November  5, 2013 18:39:33 UTC",62.2644,-145.7344,1.4,11.60,14,"Central Alaska"
ak,10838179,3,"Tuesday, November  5, 2013 18:33:55 UTC",62.2003,-145.7050,3.3,17.70,67,"Central Alaska"
ak,10840950,2,"Tuesday, November  5, 2013 18:31:37 UTC",60.1628,-152.9469,1.7,117.10,22,"Southern Alaska"
ak,10840949,2,"Tuesday, November  5, 2013 18:28:17 UTC",61.4653,-151.5377,1.9,69.30,18,"Southern Alaska"
ak,10838132,2,"Tuesday, November  5, 2013 18:25:38 UTC",60.4902,-141.4709,1.9,9.50,35,"Southern Alaska"
ak,10838040,2,"Tuesday, November  5, 2013 18:09:29 UTC",63.4952,-150.8591,1.0,10.80,15,"Central Alaska"
ak,10840946,2,"Tuesday, November  5, 2013 18:05:10 UTC",53.3216,-165.0711,2.0,29.70,12,"Fox Islands, Aleutian Islands, Alaska"
pr,13309011,0,"Tuesday, November  5, 2013 17:58:33 UTC",18.3631,-64.1429,2.9,69.00, 8,"Virgin Islands region"
nc,72101646,0,"Tuesday, November  5, 2013 17:50:39 UTC",38.8100,-122.8100,1.3,2.20,16,"Northern California"
nc,72101641,0,"Tuesday, November  5, 2013 17:42:13 UTC",38.8002,-122.8092,1.4,3.10,18,"Northern California"
ak,10838023,2,"Tuesday, November  5, 2013 17:34:03 UTC",61.2270,-147.5867,1.5,0.00, 9,"Southern Alaska"
ak,10838015,2,"Tuesday, November  5, 2013 17:17:45 UTC",61.0347,-141.4073,1.5,8.50,19,"Southern Alaska"
pr,13309014,0,"Tuesday, November  5, 2013 17:13:15 UTC",18.5119,-64.0866,2.4,45.00, 5,"Virgin Islands region"
nc,72101606,0,"Tuesday, November  5, 2013 16:35:59 UTC",35.7515,-121.2250,1.3,14.80, 8,"Central California"
ak,10840942,2,"Tuesday, November  5, 2013 16:28:29 UTC",62.5018,-151.6583,1.6,91.20,15,"Central Alaska"
nc,72101601,0,"Tuesday, November  5, 2013 16:25:06 UTC",37.4098,-118.6027,1.5,11.20,13,"Central California"
nc,72101596,0,"Tuesday, November  5, 2013 16:24:00 UTC",37.4100,-118.6030,1.6,11.20,11,"Central California"
ak,10840941,2,"Tuesday, November  5, 2013 16:23:05 UTC",58.7330,-154.8124,2.3,127.90,25,"Alaska Peninsula"
nc,72101591,0,"Tuesday, November  5, 2013 16:21:36 UTC",36.5742,-121.1608,1.6,10.90,11,"Central California"
ak,10837989,2,"Tuesday, November  5, 2013 16:10:20 UTC",62.3334,-151.1640,2.4,88.90,57,"Central Alaska"
nc,72101586,0,"Tuesday, November  5, 2013 16:09:00 UTC",36.5668,-121.1710,1.6,0.10,14,"Central California"
ci,11387930,4,"Tuesday, November  5, 2013 15:57:58 UTC",33.0313,-116.4220,1.3,5.20,32,"Southern California"
ak,10837980,2,"Tuesday, November  5, 2013 15:36:48 UTC",63.3550,-151.1853,1.3,13.00,16,"Central Alaska"
ak,10840938,2,"Tuesday, November  5, 2013 15:35:35 UTC",62.5000,-150.9669,1.5,87.40,19,"Central Alaska"
ak,10837967,2,"Tuesday, November  5, 2013 15:17:11 UTC",61.4468,-150.6141,1.5,42.90,28,"Southern Alaska"
ak,10837965,2,"Tuesday, November  5, 2013 15:14:38 UTC",67.5655,-149.9681,2.6,5.40,24,"northern Alaska"
ci,11387906,5,"Tuesday, November  5, 2013 15:05:12 UTC",34.3112,-116.9688,1.5,7.60,56,"Southern California"
ak,10840935,2,"Tuesday, November  5, 2013 15:01:14 UTC",65.9598,-150.1547,1.4,8.30,12,"northern Alaska"
uw,60623767,3,"Tuesday, November  5, 2013 14:52:46 UTC",48.0242,-124.6778,2.4,42.10,25,"Olympic Peninsula, Washington"
pr,13309007,0,"Tuesday, November  5, 2013 14:49:17 UTC",18.2101,-68.0550,3.3,103.00,12,"Mona Passage, Dominican Republic"
ak,10840934,2,"Tuesday, November  5, 2013 14:42:30 UTC",62.2746,-152.0518,1.6,107.00,13,"Central Alaska"
nc,72101571,0,"Tuesday, November  5, 2013 14:37:16 UTC",38.8152,-122.8157,1.2,2.80,21,"Northern California"
ak,10837949,2,"Tuesday, November  5, 2013 14:29:16 UTC",69.1201,-144.2136,3.0,5.70,29,"northern Alaska"
ak,10837947,3,"Tuesday, November  5, 2013 14:27:00 UTC",67.5609,-149.9770,2.9,7.10,31,"northern Alaska"
pr,13309006,0,"Tuesday, November  5, 2013 13:55:32 UTC",18.8022,-66.4134,2.8,47.00, 4,"Puerto Rico region"
ak,10837940,2,"Tuesday, November  5, 2013 13:51:57 UTC",60.1085,-152.7121,2.2,98.70,38,"Southern Alaska"
hv,60587281,1,"Tuesday, November  5, 2013 13:45:57 UTC",19.0935,-155.4095,2.6,38.60,43,"Island of Hawaii, Hawaii"
hv,60587256,1,"Tuesday, November  5, 2013 13:37:43 UTC",19.0718,-155.4700,2.7,41.90,38,"Island of Hawaii, Hawaii"
hv,60587251,1,"Tuesday, November  5, 2013 13:36:32 UTC",19.0572,-155.4622,2.0,40.30,35,"Island of Hawaii, Hawaii"
ak,10837933,2,"Tuesday, November  5, 2013 13:16:54 UTC",63.2798,-150.5663,1.8,128.30,31,"Central Alaska"
ak,10837929,2,"Tuesday, November  5, 2013 12:53:19 UTC",61.8617,-150.5922,1.5,46.80,26,"Southern Alaska"
mb,29503,1,"Tuesday, November  5, 2013 12:46:11 UTC",46.7223,-112.1890,1.1,13.50, 8,"western Montana"
ak,10840928,2,"Tuesday, November  5, 2013 12:28:18 UTC",61.7985,-151.9547,1.7,112.80,17,"Southern Alaska"
pr,13309005,0,"Tuesday, November  5, 2013 12:21:15 UTC",18.0732,-67.4050,2.9,137.00, 4,"Mona Passage, Puerto Rico"
ak,10837923,2,"Tuesday, November  5, 2013 11:52:56 UTC",63.9274,-148.8973,1.6,0.00,26,"Central Alaska"
pr,13309010,0,"Tuesday, November  5, 2013 11:50:04 UTC",18.0279,-68.4814,3.2,81.00, 9,"Dominican Republic region"
ci,11387882,4,"Tuesday, November  5, 2013 11:48:03 UTC",34.0430,-118.2512,1.2,3.20,23,"Greater Los Angeles area, California"
ci,11387874,2,"Tuesday, November  5, 2013 11:24:30 UTC",35.0570,-118.3525,1.2,4.70,13,"Southern California"
ak,10840926,2,"Tuesday, November  5, 2013 11:12:44 UTC",56.8809,-154.6594,2.3,14.60,11,"Kodiak Island region, Alaska"
ak,10837919,2,"Tuesday, November  5, 2013 11:06:55 UTC",63.1084,-149.3101,1.2,12.00,19,"Central Alaska"
ak,10840924,2,"Tuesday, November  5, 2013 11:02:18 UTC",59.7993,-150.7978,1.5,55.00, 9,"Kenai Peninsula, Alaska"
nc,72101496,2,"Tuesday, November  5, 2013 10:58:07 UTC",41.2102,-122.1130,1.7,6.20,18,"Northern California"
nc,72101491,0,"Tuesday, November  5, 2013 10:50:53 UTC",36.5607,-121.1535,1.7,3.50,14,"Central California"
mb,29502,1,"Tuesday, November  5, 2013 10:49:36 UTC",44.8325,-111.4710,1.1,9.50, 8,"western Montana"
nc,72101486,0,"Tuesday, November  5, 2013 10:42:49 UTC",38.8093,-122.8228,1.0,2.20,14,"Northern California"
hv,60587166,2,"Tuesday, November  5, 2013 10:38:42 UTC",19.4028,-155.2838,1.8,0.80,34,"Island of Hawaii, Hawaii"
ak,10837911,2,"Tuesday, November  5, 2013 10:06:05 UTC",53.9238,-165.6851,2.4,74.00,14,"Fox Islands, Aleutian Islands, Alaska"
nc,72101471,1,"Tuesday, November  5, 2013 09:52:16 UTC",38.8077,-122.8138,1.2,2.70,27,"Northern California"
nc,72101466,0,"Tuesday, November  5, 2013 09:48:42 UTC",36.9728,-121.8342,1.4,15.10, 7,"Northern California"
nc,72101456,0,"Tuesday, November  5, 2013 09:32:33 UTC",38.7463,-122.7008,1.1,1.70, 8,"Northern California"
pr,13309009,0,"Tuesday, November  5, 2013 09:24:06 UTC",18.0526,-67.0501,1.0,23.00, 3,"Puerto Rico"
nc,72101446,0,"Tuesday, November  5, 2013 09:19:24 UTC",38.8347,-122.7945,1.6,1.50,13,"Northern California"
ak,10837896,2,"Tuesday, November  5, 2013 09:12:52 UTC",63.3387,-145.4502,2.6,6.30,53,"Central Alaska"
ak,10840921,2,"Tuesday, November  5, 2013 09:09:16 UTC",63.1965,-150.7575,1.4,126.00,13,"Central Alaska"
ak,10840920,2,"Tuesday, November  5, 2013 09:08:52 UTC",63.2766,-149.6390,1.2,93.50,13,"Central Alaska"
ak,10840919,2,"Tuesday, November  5, 2013 08:51:56 UTC",60.1316,-152.8927,1.6,108.80,16,"Southern Alaska"
pr,13309008,0,"Tuesday, November  5, 2013 08:46:18 UTC",17.8651,-67.1744,1.7,4.00, 3,"Puerto Rico region"
ak,10840918,2,"Tuesday, November  5, 2013 08:10:53 UTC",60.1211,-153.0865,1.6,118.70,16,"Southern Alaska"
ak,10840917,2,"Tuesday, November  5, 2013 07:44:29 UTC",55.6857,-157.5263,2.8,39.10,12,"Alaska Peninsula"
nc,72101421,0,"Tuesday, November  5, 2013 07:43:26 UTC",36.5665,-121.1615,1.7,4.00,13,"Central California"
uu,60043697,4,"Tuesday, November  5, 2013 07:14:40 UTC",44.7068,-110.9968,2.0,10.80,23,"Yellowstone National Park, Wyoming"
nn,00428410,1,"Tuesday, November  5, 2013 06:52:54 UTC",36.9598,-117.7775,1.0,7.00, 7,"Central California"
pr,13309004,0,"Tuesday, November  5, 2013 06:38:30 UTC",19.0335,-64.8629,2.5,6.00, 3,"Virgin Islands region"
pr,13309003,0,"Tuesday, November  5, 2013 06:36:32 UTC",19.0932,-64.8255,2.9,29.00, 6,"Virgin Islands region"
nc,72101401,0,"Tuesday, November  5, 2013 06:30:27 UTC",38.8093,-122.8213,1.1,2.30,20,"Northern California"
ci,11387770,5,"Tuesday, November  5, 2013 06:16:16 UTC",34.2473,-117.4773,1.6,13.30,64,"Southern California"
ci,11387690,5,"Tuesday, November  5, 2013 05:58:37 UTC",32.9315,-115.5307,2.1,10.40,31,"Southern California"
ak,10837876,2,"Tuesday, November  5, 2013 05:49:48 UTC",62.1794,-148.2531,1.8,30.30,31,"Central Alaska"
ak,10840915,2,"Tuesday, November  5, 2013 05:41:34 UTC",59.8582,-153.2916,2.2,118.50,21,"Southern Alaska"
ak,10837866,2,"Tuesday, November  5, 2013 05:41:25 UTC",61.6353,-150.9376,2.5,68.10,51,"Southern Alaska"
uw,60623612,3,"Tuesday, November  5, 2013 05:40:49 UTC",48.6028,-123.0808,2.3,12.50,35,"San Juan Islands region, Washington"
pr,13309002,0,"Tuesday, November  5, 2013 05:12:43 UTC",19.0711,-64.8277,2.6,28.00, 5,"Virgin Islands region"
pr,13309001,0,"Tuesday, November  5, 2013 05:11:42 UTC",19.0533,-64.8054,3.1,41.00,10,"Virgin Islands region"
pr,13309000,0,"Tuesday, November  5, 2013 04:42:21 UTC",19.0084,-64.7246,3.1,57.00, 9,"Virgin Islands region"
nc,72102921,2,"Tuesday, November  5, 2013 04:21:27 UTC",37.9537,-119.6605,1.7,0.00,16,"Central California"
nc,72101341,1,"Tuesday, November  5, 2013 04:11:05 UTC",38.8128,-122.8278,1.7,2.50,32,"Northern California"
ak,10837854,2,"Tuesday, November  5, 2013 04:08:06 UTC",63.4918,-150.8810,1.1,16.80,17,"Central Alaska"
ci,11387682,5,"Tuesday, November  5, 2013 04:07:49 UTC",33.3488,-116.4077,1.3,9.70,40,"Southern California"
ak,10837851,2,"Tuesday, November  5, 2013 04:06:35 UTC",61.6322,-149.1318,1.7,29.70,40,"Southern Alaska"
nc,72101326,0,"Tuesday, November  5, 2013 03:55:50 UTC",38.8198,-122.8232,1.0,3.20,18,"Northern California"
uw,60623552,3,"Tuesday, November  5, 2013 03:36:54 UTC",47.9585,-124.1653,1.4,32.40,24,"Olympic Peninsula, Washington"
ak,10837843,2,"Tuesday, November  5, 2013 03:17:15 UTC",60.5957,-151.3929,1.6,20.00,29,"Kenai Peninsula, Alaska"
nc,72101301,1,"Tuesday, November  5, 2013 03:16:06 UTC",38.8392,-122.8390,1.4,2.10,27,"Northern California"
ci,11387674,5,"Tuesday, November  5, 2013 03:13:42 UTC",34.2483,-117.4750,1.7,13.80,49,"Southern California"
hv,60587026,1,"Tuesday, November  5, 2013 03:12:12 UTC",19.0230,-155.4102,2.1,38.90,16,"Island of Hawaii, Hawaii"
hv,60587021,1,"Tuesday, November  5, 2013 03:09:09 UTC",19.1558,-155.3465,2.2,42.60,24,"Island of Hawaii, Hawaii"
hv,60587016,1,"Tuesday, November  5, 2013 03:05:33 UTC",19.1065,-155.4453,2.6,36.30,32,"Island of Hawaii, Hawaii"
hv,60587006,1,"Tuesday, November  5, 2013 03:03:32 UTC",19.0852,-155.4487,2.6,41.40,37,"Island of Hawaii, Hawaii"
ak,10837835,2,"Tuesday, November  5, 2013 03:02:35 UTC",59.3265,-152.6868,2.0,71.30,38,"Southern Alaska"
ak,10840908,2,"Tuesday, November  5, 2013 02:47:11 UTC",60.9047,-147.2434,1.4,21.80,15,"Southern Alaska"
nc,72101276,0,"Tuesday, November  5, 2013 02:21:57 UTC",38.7853,-122.8245,1.0,10.60,18,"Northern California"
ci,11387666,4,"Tuesday, November  5, 2013 02:21:30 UTC",33.4902,-116.7620,1.3,9.00,48,"Southern California"
ci,11387650,5,"Tuesday, November  5, 2013 02:09:48 UTC",34.2472,-117.4697,1.2,13.80,25,"Southern California"
nc,72101266,1,"Tuesday, November  5, 2013 02:00:44 UTC",36.5667,-121.1603,2.8,3.10,43,"Central California"
uw,60623542,3,"Tuesday, November  5, 2013 01:56:09 UTC",46.4648,-122.4115,2.1,13.40,49,"Washington"
hv,60586971,1,"Tuesday, November  5, 2013 01:56:00 UTC",19.4255,-155.2825,1.9,10.90,33,"Island of Hawaii, Hawaii"
nc,72101261,0,"Tuesday, November  5, 2013 01:55:51 UTC",37.5407,-118.8710,1.0,8.20,12,"Central California"
uu,60043687,2,"Tuesday, November  5, 2013 01:47:53 UTC",38.9587,-111.3983,1.2,3.40, 7,"Utah"
ci,11387626,2,"Tuesday, November  5, 2013 01:30:09 UTC",35.0573,-118.3833,1.4,0.00,10,"Southern California"
ci,11387618,4,"Tuesday, November  5, 2013 01:17:44 UTC",35.0602,-118.3440,1.0,3.90,15,"Southern California"
ci,11387610,4,"Tuesday, November  5, 2013 01:16:53 UTC",35.0635,-118.3455,1.1,2.90,16,"Southern California"
hv,60586951,1,"Tuesday, November  5, 2013 01:03:39 UTC",19.2927,-155.4103,1.8,32.80,36,"Island of Hawaii, Hawaii"
ak,10840907,2,"Tuesday, November  5, 2013 00:24:37 UTC",67.6120,-145.7497,1.8,21.80, 8,"northern Alaska"
nc,72101246,1,"Tuesday, November  5, 2013 00:23:09 UTC",36.5637,-121.1580,2.7,3.00,37,"Central California"
mb,29500,1,"Tuesday, November  5, 2013 00:20:57 UTC",44.8326,-111.4668,1.1,10.20, 6,"western Montana"
ak,10837798,2,"Tuesday, November  5, 2013 00:03:59 UTC",64.9900,-147.3444,1.0,0.00, 8,"Central Alaska"
ak,10837697,1,"Monday, November  4, 2013 23:22:52 UTC",61.3573,-150.0027,2.0,34.50, 9,"Southern Alaska"
ak,10837692,1,"Monday, November  4, 2013 23:16:58 UTC",61.6006,-148.2757,1.8,16.00,13,"Southern Alaska"
hv,60586931,1,"Monday, November  4, 2013 22:59:43 UTC",19.2473,-155.4783,1.7,8.10,58,"Island of Hawaii, Hawaii"
uu,60043662,2,"Monday, November  4, 2013 22:57:22 UTC",44.6502,-110.4287,1.6,4.70, 8,"Yellowstone National Park, Wyoming"
ak,10837678,1,"Monday, November  4, 2013 22:39:53 UTC",63.3944,-147.5288,1.8,11.40,10,"Central Alaska"
ci,11387578,6,"Monday, November  4, 2013 22:29:43 UTC",34.2077,-117.0138,3.0,7.40,125,"Southern California"
ci,11387562,4,"Monday, November  4, 2013 21:36:13 UTC",34.2757,-116.9740,1.1,9.30,41,"Southern California"
nc,72101171,2,"Monday, November  4, 2013 21:28:56 UTC",41.2112,-122.1097,2.0,6.40,26,"Northern California"
ak,10837645,1,"Monday, November  4, 2013 21:25:34 UTC",62.3247,-145.0535,2.1,0.00, 5,"Central Alaska"
nc,72101156,2,"Monday, November  4, 2013 21:18:13 UTC",41.2130,-122.1028,1.7,6.60,12,"Northern California"
nc,72101146,0,"Monday, November  4, 2013 20:55:13 UTC",37.4692,-118.8443,1.3,8.70,20,"Central California"
nc,72101141,0,"Monday, November  4, 2013 20:54:48 UTC",37.4690,-118.8447,1.3,8.50,18,"Central California"
uw,60623317,1,"Monday, November  4, 2013 20:06:07 UTC",49.4278,-120.4765,2.3,0.00,13,"British Columbia, Canada"
ci,11387538,4,"Monday, November  4, 2013 20:05:46 UTC",34.6250,-117.1135,1.1,0.00,20,"Southern California"
ci,11387530,4,"Monday, November  4, 2013 19:34:44 UTC",35.0613,-118.3510,1.1,3.40,12,"Southern California"
ci,11387514,2,"Monday, November  4, 2013 19:22:58 UTC",35.0317,-117.6790,1.5,0.00,25,"Southern California"
ci,11387490,5,"Monday, November  4, 2013 19:12:21 UTC",32.6653,-115.7237,1.5,10.20,32,"Southern California"
ak,10837588,2,"Monday, November  4, 2013 19:04:15 UTC",61.6613,-150.2216,2.3,38.40,34,"Southern Alaska"
ak,10837585,1,"Monday, November  4, 2013 19:02:12 UTC",61.5912,-149.7880,2.0,36.60,13,"Southern Alaska"
nc,72101106,1,"Monday, November  4, 2013 18:56:35 UTC",38.8117,-122.8102,1.6,2.70,30,"Northern California"
uw,60623217,1,"Monday, November  4, 2013 18:42:49 UTC",48.5327,-121.6567,1.1,6.70, 9,"Washington"
ci,11387482,5,"Monday, November  4, 2013 18:25:03 UTC",35.0598,-118.3467,1.8,3.70,34,"Southern California"
nc,72101081,0,"Monday, November  4, 2013 18:16:20 UTC",36.8332,-121.5680,1.5,3.20,18,"Central California"
nc,72101076,0,"Monday, November  4, 2013 17:57:54 UTC",37.5492,-118.4385,1.8,7.70,12,"Central California"
nc,72101061,1,"Monday, November  4, 2013 17:49:34 UTC",38.8225,-122.8080,1.5,3.10,31,"Northern California"
ak,10837555,2,"Monday, November  4, 2013 17:44:55 UTC",62.4256,-151.4220,1.9,85.80,11,"Central Alaska"
ak,10837546,2,"Monday, November  4, 2013 17:37:05 UTC",57.2003,-149.9448,3.3,45.60,52,"Gulf of Alaska"
ak,10837542,1,"Monday, November  4, 2013 17:33:35 UTC",63.3540,-151.7107,1.6,2.90, 8,"Central Alaska"
ci,11387466,8,"Monday, November  4, 2013 17:20:58 UTC",35.0588,-118.3493,2.0,4.40,25,"Southern California"
ci,11387458,4,"Monday, November  4, 2013 17:19:56 UTC",33.9500,-115.9902,1.2,10.90,15,"Southern California"
ci,11387450,5,"Monday, November  4, 2013 17:14:14 UTC",32.9100,-116.2700,1.6,6.60,40,"Southern California"
ci,11387442,4,"Monday, November  4, 2013 17:13:06 UTC",34.0532,-117.3417,1.2,2.50,23,"Greater Los Angeles area, California"
ci,11387434,4,"Monday, November  4, 2013 17:05:35 UTC",32.6645,-115.7127,1.4,9.50,16,"Southern California"
nc,72101036,0,"Monday, November  4, 2013 16:53:33 UTC",38.7887,-122.7642,1.4,2.40,21,"Northern California"
ak,10837514,1,"Monday, November  4, 2013 16:31:30 UTC",60.4958,-141.5859,1.5,8.40,11,"Southern Alaska"
ci,11387426,4,"Monday, November  4, 2013 16:24:45 UTC",35.0572,-118.3490,1.3,5.00,15,"Southern California"
nc,72101031,4,"Monday, November  4, 2013 16:10:54 UTC",37.2460,-118.2137,1.5,13.60,12,"Central California"
ak,10837499,2,"Monday, November  4, 2013 15:37:31 UTC",59.5510,-152.2617,2.8,71.50,48,"Southern Alaska"
nc,72101026,4,"Monday, November  4, 2013 15:29:01 UTC",40.5098,-121.6283,1.5,15.00,12,"Northern California"
ak,10837495,1,"Monday, November  4, 2013 15:09:49 UTC",60.4519,-149.6924,1.8,30.10, 9,"Kenai Peninsula, Alaska"
nc,72101016,4,"Monday, November  4, 2013 14:52:25 UTC",37.2573,-118.2320,1.5,13.40,15,"Central California"
ak,10837484,1,"Monday, November  4, 2013 14:38:36 UTC",63.4813,-149.9881,1.9,100.00,20,"Central Alaska"
nc,72101011,1,"Monday, November  4, 2013 14:21:47 UTC",37.5253,-118.8230,1.7,7.00,22,"Central California"
pr,13308004,0,"Monday, November  4, 2013 14:16:42 UTC",17.8705,-67.1800,2.3,5.00, 8,"Puerto Rico region"
ak,10837479,2,"Monday, November  4, 2013 13:45:41 UTC",57.9635,-151.7081,2.3,81.60, 5,"Kodiak Island region, Alaska"
ak,10837476,2,"Monday, November  4, 2013 13:42:51 UTC",66.1315,-148.8739,1.4,2.30, 7,"northern Alaska"
ci,11387394,6,"Monday, November  4, 2013 13:07:18 UTC",34.1337,-117.8985,1.4,13.20,27,"Greater Los Angeles area, California"
nc,72101001,0,"Monday, November  4, 2013 12:48:01 UTC",37.5255,-118.8243,1.3,7.40,15,"Central California"
ci,11387386,4,"Monday, November  4, 2013 12:45:51 UTC",35.6833,-117.6852,1.1,1.50,15,"Southern California"
ak,10837467,1,"Monday, November  4, 2013 11:57:55 UTC",62.3528,-149.5728,1.7,45.80,16,"Central Alaska"
ci,11387370,6,"Monday, November  4, 2013 11:56:31 UTC",33.6968,-116.8127,1.8,17.90,73,"Southern California"
ak,10837464,1,"Monday, November  4, 2013 11:31:38 UTC",60.0177,-142.3667,1.8,23.20, 9,"Southern Alaska"
uw,60622887,3,"Monday, November  4, 2013 11:23:12 UTC",46.5342,-122.2915,1.1,12.20,45,"Washington"
pr,13308006,0,"Monday, November  4, 2013 11:22:24 UTC",18.0065,-67.0674,1.8,9.00, 3,"Puerto Rico"
ak,10837459,1,"Monday, November  4, 2013 10:46:21 UTC",63.0960,-149.2598,1.2,6.50, 9,"Central Alaska"
nc,72100986,0,"Monday, November  4, 2013 10:42:43 UTC",38.8433,-122.7680,1.2,1.80,11,"Northern California"
ak,10837455,1,"Monday, November  4, 2013 10:39:41 UTC",64.2001,-148.8919,1.2,18.10, 4,"Central Alaska"
uw,60622882,3,"Monday, November  4, 2013 10:25:03 UTC",46.5315,-122.2942,1.4,12.40,47,"Washington"
pr,13308005,0,"Monday, November  4, 2013 10:20:54 UTC",19.2980,-67.3515,3.0,18.00, 9,"Puerto Rico region"
ak,10837447,1,"Monday, November  4, 2013 09:50:36 UTC",60.8295,-148.9745,2.0,21.40,14,"Kenai Peninsula, Alaska"
ak,10837443,1,"Monday, November  4, 2013 09:35:37 UTC",62.3652,-147.7202,1.3,18.00, 6,"Central Alaska"
nn,00428325,1,"Monday, November  4, 2013 09:15:52 UTC",38.9469,-118.1350,1.2,12.00, 6,"Nevada"
uu,60043582,2,"Monday, November  4, 2013 08:49:09 UTC",44.2500,-110.7983,1.4,2.80, 8,"Yellowstone National Park, Wyoming"
pr,13308003,0,"Monday, November  4, 2013 08:16:37 UTC",18.0795,-68.1436,3.0,69.00, 6,"Mona Passage, Dominican Republic"
ak,10837437,1,"Monday, November  4, 2013 08:04:41 UTC",61.7225,-150.0718,1.6,33.10, 7,"Southern Alaska"
nc,72100961,0,"Monday, November  4, 2013 07:54:35 UTC",38.7425,-122.7250,1.0,1.20, 9,"Northern California"
pr,13308002,0,"Monday, November  4, 2013 07:46:05 UTC",18.0275,-67.1873,1.0,16.00, 3,"Mona Passage, Puerto Rico"
ak,10837431,1,"Monday, November  4, 2013 07:34:34 UTC",61.0814,-145.7466,1.9,32.20,14,"Southern Alaska"
nc,72100956,5,"Monday, November  4, 2013 07:21:16 UTC",40.5923,-124.0940,1.9,18.10,28,"Northern California"
uu,60043572,2,"Monday, November  4, 2013 07:15:55 UTC",44.6013,-110.4068,2.1,2.70, 8,"Yellowstone National Park, Wyoming"
nc,72100946,1,"Monday, November  4, 2013 07:04:20 UTC",36.7702,-121.4895,2.0,4.70,33,"Central California"
nn,00428372,1,"Monday, November  4, 2013 06:39:16 UTC",36.7245,-116.3356,1.1,5.70, 6,"Nevada"
ci,11387322,4,"Monday, November  4, 2013 06:38:18 UTC",34.0092,-117.1862,1.1,13.80,34,"Greater Los Angeles area, California"
nc,72100936,1,"Monday, November  4, 2013 06:29:01 UTC",38.8122,-122.7918,1.4,3.30,25,"Northern California"
nc,72100926,0,"Monday, November  4, 2013 06:12:57 UTC",35.9970,-120.5628,2.5,0.90, 7,"Central California"
at,00mvq5vl,1,"Monday, November  4, 2013 05:57:21 UTC",41.1770,-126.8370,5.0,10.00,38,"off the coast of Northern California"
pr,13308001,0,"Monday, November  4, 2013 05:46:59 UTC",18.1070,-67.4022,2.2,34.00, 4,"Mona Passage, Puerto Rico"
ak,10837418,1,"Monday, November  4, 2013 05:26:55 UTC",60.5037,-141.5252,1.9,9.70,18,"Southern Alaska"
ak,10837411,1,"Monday, November  4, 2013 04:55:35 UTC",60.8085,-149.9190,1.2,32.70, 4,"Kenai Peninsula, Alaska"
uu,60043567,2,"Monday, November  4, 2013 04:09:56 UTC",42.0075,-112.6203,1.6,3.40,16,"Utah"
ak,10837403,2,"Monday, November  4, 2013 03:45:09 UTC",53.4120,-163.6557,3.2,24.60,14,"Unimak Island region, Alaska"
nc,72100901,4,"Monday, November  4, 2013 03:39:30 UTC",40.5457,-121.6700,1.6,7.50,12,"Northern California"
ak,10837394,2,"Monday, November  4, 2013 02:55:36 UTC",61.1893,-150.8671,1.9,62.90,23,"Southern Alaska"
ci,11387290,4,"Monday, November  4, 2013 02:53:04 UTC",35.1468,-118.7402,1.6,1.60,18,"Central California"
ak,10837389,1,"Monday, November  4, 2013 02:49:18 UTC",63.5141,-149.0482,1.6,100.00, 4,"Central Alaska"
ak,10837385,1,"Monday, November  4, 2013 02:45:00 UTC",61.9881,-151.0418,1.8,78.20,22,"Southern Alaska"
uu,60043562,4,"Monday, November  4, 2013 02:23:22 UTC",44.7570,-110.8322,2.3,5.40,24,"Yellowstone National Park, Wyoming"
nc,72100876,0,"Monday, November  4, 2013 02:09:49 UTC",38.7447,-122.7265,1.0,1.60,10,"Northern California"
ci,11387274,4,"Monday, November  4, 2013 01:40:21 UTC",33.8530,-117.8078,1.3,8.10,34,"Greater Los Angeles area, California"
nc,72100866,1,"Monday, November  4, 2013 01:30:18 UTC",38.8187,-122.8113,1.2,3.50,26,"Northern California"
uw,60622792,2,"Monday, November  4, 2013 01:29:14 UTC",46.5527,-122.3402,1.4,7.00,33,"Washington"
pr,13308000,0,"Monday, November  4, 2013 00:58:56 UTC",18.5223,-67.3983,2.6,15.00, 9,"Puerto Rico region"
ci,11387250,5,"Monday, November  4, 2013 00:42:10 UTC",36.0320,-117.7678,1.7,2.40,27,"Central California"
ci,11387234,4,"Monday, November  4, 2013 00:23:42 UTC",33.6382,-116.6960,1.1,15.70,29,"Southern California"
ci,11387226,4,"Monday, November  4, 2013 00:22:59 UTC",34.2797,-118.4558,1.3,10.80,20,"Greater Los Angeles area, California"
ak,10837338,2,"Sunday, November  3, 2013 23:47:38 UTC",60.2753,-152.2806,1.4,81.70,21,"Southern Alaska"
ak,10840347,2,"Sunday, November  3, 2013 23:45:18 UTC",67.8578,-141.1980,2.4,17.30,12,"northern Alaska"
ak,10837336,3,"Sunday, November  3, 2013 23:42:17 UTC",59.7788,-152.5793,2.0,85.40,38,"Southern Alaska"
ak,10837335,2,"Sunday, November  3, 2013 23:34:11 UTC",62.6515,-149.9753,1.0,70.80,15,"Central Alaska"
ak,10840344,2,"Sunday, November  3, 2013 23:28:42 UTC",60.3879,-139.5751,1.4,16.50,12,"Southern Yukon Territory, Canada"
ak,10840343,2,"Sunday, November  3, 2013 23:16:15 UTC",67.1035,-142.5976,2.7,9.80, 9,"northern Alaska"
ak,10837330,2,"Sunday, November  3, 2013 22:53:24 UTC",60.1905,-152.0462,1.7,75.40,25,"Southern Alaska"
ak,10840341,2,"Sunday, November  3, 2013 22:46:18 UTC",53.3423,-163.5810,2.5,25.50,11,"Unimak Island region, Alaska"
nc,72100801,1,"Sunday, November  3, 2013 22:24:25 UTC",40.1878,-121.0263,2.2,0.00,31,"Northern California"
uw,60622747,1,"Sunday, November  3, 2013 22:17:08 UTC",49.4468,-120.5008,2.2,0.00,12,"British Columbia, Canada"
ak,10837320,2,"Sunday, November  3, 2013 22:09:18 UTC",59.8580,-151.0356,2.1,63.00,53,"Kenai Peninsula, Alaska"
pr,13307007,0,"Sunday, November  3, 2013 22:04:34 UTC",18.0279,-65.3981,2.2,18.00, 4,"Puerto Rico region"
ak,10840339,2,"Sunday, November  3, 2013 22:00:00 UTC",63.1284,-150.8632,1.5,128.70,22,"Central Alaska"
ci,11387194,2,"Sunday, November  3, 2013 21:59:29 UTC",36.0080,-118.0045,1.0,7.40, 9,"Central California"
ak,10840338,2,"Sunday, November  3, 2013 21:36:56 UTC",60.4904,-141.4409,1.2,11.70,14,"Southern Alaska"
ak,10837306,3,"Sunday, November  3, 2013 21:33:49 UTC",53.3824,-163.5573,2.8,15.60,17,"Unimak Island region, Alaska"
ak,10837301,2,"Sunday, November  3, 2013 21:25:36 UTC",62.1303,-151.4006,1.6,85.40,30,"Central Alaska"
nc,72100786,3,"Sunday, November  3, 2013 21:23:45 UTC",39.6132,-123.4787,1.8,2.40,25,"Northern California"
ci,11387186,4,"Sunday, November  3, 2013 21:19:36 UTC",33.9473,-115.9940,1.3,8.60,36,"Southern California"
nc,72100776,0,"Sunday, November  3, 2013 21:16:35 UTC",38.7630,-122.9122,1.2,6.60, 6,"Northern California"
ci,11387178,6,"Sunday, November  3, 2013 21:13:38 UTC",35.6755,-117.5140,2.4,1.30,33,"Southern California"
ak,10837294,2,"Sunday, November  3, 2013 20:35:22 UTC",60.8375,-150.7189,1.6,46.10,32,"Kenai Peninsula, Alaska"
ak,10837288,2,"Sunday, November  3, 2013 20:09:48 UTC",63.3303,-147.0835,1.2,5.70,21,"Central Alaska"
nc,72101831,2,"Sunday, November  3, 2013 19:33:56 UTC",40.5475,-121.6680,1.0,6.80, 9,"Northern California"
ci,11387170,5,"Sunday, November  3, 2013 19:27:29 UTC",33.2112,-116.0625,1.9,8.30,59,"Southern California"
nc,72100736,3,"Sunday, November  3, 2013 19:01:49 UTC",40.5527,-121.6625,1.6,7.50,17,"Northern California"
nc,72100731,0,"Sunday, November  3, 2013 18:43:32 UTC",38.8372,-122.7988,1.0,2.50,17,"Northern California"
nc,72100721,1,"Sunday, November  3, 2013 18:38:12 UTC",38.8172,-122.7608,1.5,2.20,26,"Northern California"
ak,10837269,1,"Sunday, November  3, 2013 18:06:09 UTC",60.7180,-141.8827,1.6,41.60, 4,"Southern Alaska"
ak,10837266,2,"Sunday, November  3, 2013 17:52:54 UTC",54.0418,-166.4834,2.5,114.60,16,"Fox Islands, Aleutian Islands, Alaska"
ak,10837260,3,"Sunday, November  3, 2013 17:51:50 UTC",60.9645,-150.2733,3.0,42.00,73,"Kenai Peninsula, Alaska"
ak,10837256,2,"Sunday, November  3, 2013 17:42:19 UTC",62.2015,-145.6583,1.8,18.50,21,"Central Alaska"
mb,29494,1,"Sunday, November  3, 2013 17:40:36 UTC",45.5038,-112.4966,2.6,0.00,23,"western Montana"
ak,10840330,2,"Sunday, November  3, 2013 17:36:24 UTC",63.6117,-149.9232,1.3,114.50,19,"Central Alaska"
ak,10837247,2,"Sunday, November  3, 2013 17:29:07 UTC",63.1915,-150.0073,2.8,98.80,77,"Central Alaska"
ci,11387138,5,"Sunday, November  3, 2013 17:22:39 UTC",33.2657,-116.0017,1.2,5.90,32,"Southern California"
ci,11387130,5,"Sunday, November  3, 2013 17:03:19 UTC",33.2667,-115.9975,2.6,5.90,70,"Southern California"
pr,13307004,0,"Sunday, November  3, 2013 16:59:09 UTC",18.0200,-66.2847,2.2,7.00,13,"Puerto Rico"
ak,10837235,2,"Sunday, November  3, 2013 16:44:47 UTC",61.6054,-148.2679,2.1,9.20,37,"Southern Alaska"
ci,11387122,5,"Sunday, November  3, 2013 16:42:28 UTC",33.2622,-115.9985,1.5,5.00,42,"Southern California"
nc,72100686,1,"Sunday, November  3, 2013 16:26:16 UTC",38.7728,-122.9070,1.5,5.50,26,"Northern California"
pr,13307006,0,"Sunday, November  3, 2013 16:14:02 UTC",18.1495,-67.3421,2.2,14.00, 8,"Mona Passage, Puerto Rico"
nc,72100671,0,"Sunday, November  3, 2013 16:02:55 UTC",38.7703,-122.9157,1.4,6.00,15,"Northern California"
ak,10837225,2,"Sunday, November  3, 2013 15:37:16 UTC",63.0828,-150.9942,1.6,124.00,18,"Central Alaska"
ak,10837224,2,"Sunday, November  3, 2013 15:31:39 UTC",62.1752,-149.6110,1.3,62.00,22,"Central Alaska"
nc,72100666,2,"Sunday, November  3, 2013 15:29:07 UTC",40.5433,-121.6668,2.3,7.70,19,"Northern California"
nc,72100661,4,"Sunday, November  3, 2013 15:27:37 UTC",37.6142,-118.4220,1.1,8.90,26,"Central California"
hv,60586531,2,"Sunday, November  3, 2013 15:24:36 UTC",19.3822,-155.2390,2.1,2.80,42,"Island of Hawaii, Hawaii"
ak,10840325,2,"Sunday, November  3, 2013 15:19:00 UTC",61.5199,-146.5733,1.4,5.90,19,"Southern Alaska"
ci,11387090,5,"Sunday, November  3, 2013 15:18:01 UTC",33.7902,-118.3008,1.7,10.30,25,"Greater Los Angeles area, California"
ak,10837214,3,"Sunday, November  3, 2013 14:58:28 UTC",50.9645,-177.9307,3.1,25.70,15,"Andreanof Islands, Aleutian Islands, Alaska"
ak,10837212,1,"Sunday, November  3, 2013 14:56:30 UTC",59.4321,-140.5130,1.9,17.30, 6,"Southeastern Alaska"
pr,13307003,0,"Sunday, November  3, 2013 14:45:20 UTC",18.4158,-67.4022,2.7,19.00, 8,"Mona Passage, Puerto Rico"
hv,60586526,1,"Sunday, November  3, 2013 14:37:59 UTC",20.1308,-155.7858,2.5,24.40,36,"Hawaii region, Hawaii"
hv,60586521,2,"Sunday, November  3, 2013 14:17:58 UTC",19.3775,-155.2333,2.2,3.40,43,"Island of Hawaii, Hawaii"
ak,10837206,2,"Sunday, November  3, 2013 14:02:06 UTC",61.1443,-150.6868,1.2,16.70,21,"Southern Alaska"
ak,10840321,2,"Sunday, November  3, 2013 13:57:08 UTC",62.1367,-150.1684,1.2,14.80,14,"Central Alaska"
ak,10837202,2,"Sunday, November  3, 2013 13:23:15 UTC",64.5887,-149.7791,1.4,14.70,21,"Central Alaska"
pr,13307002,0,"Sunday, November  3, 2013 13:18:37 UTC",17.8901,-67.0065,2.8,17.00,15,"Puerto Rico region"
nc,72100641,4,"Sunday, November  3, 2013 13:08:05 UTC",40.8275,-122.1368,1.6,13.30,14,"Northern California"
nc,72100636,1,"Sunday, November  3, 2013 12:47:34 UTC",36.6407,-121.2575,2.1,7.10,30,"Central California"
nc,72100631,1,"Sunday, November  3, 2013 12:45:20 UTC",38.8172,-122.7950,1.4,3.20,32,"Northern California"
ak,10837195,2,"Sunday, November  3, 2013 12:39:18 UTC",60.4914,-141.4212,1.5,11.80,15,"Southern Alaska"
ak,10837190,1,"Sunday, November  3, 2013 12:37:52 UTC",59.9470,-141.7926,1.6,15.00, 6,"Southeastern Alaska"
ak,10837188,2,"Sunday, November  3, 2013 12:16:11 UTC",51.7894,-177.6152,2.5,72.40,13,"Andreanof Islands, Aleutian Islands, Alaska"
ak,10837185,2,"Sunday, November  3, 2013 12:09:47 UTC",59.8288,-152.7170,2.2,83.00,49,"Southern Alaska"
ak,10840316,2,"Sunday, November  3, 2013 12:07:29 UTC",60.4963,-141.4203,1.4,9.40,17,"Southern Alaska"
ak,10837182,2,"Sunday, November  3, 2013 12:04:24 UTC",53.4112,-163.6759,2.8,25.10,13,"Unimak Island region, Alaska"
ak,10837181,2,"Sunday, November  3, 2013 11:55:35 UTC",61.0301,-151.3938,1.4,72.10,21,"Southern Alaska"
pr,13307005,0,"Sunday, November  3, 2013 11:48:40 UTC",17.9470,-66.2841,1.6,10.00, 5,"Puerto Rico"
ci,11387050,5,"Sunday, November  3, 2013 11:36:38 UTC",32.8953,-116.4010,1.2,14.30,31,"Southern California"
ak,10837172,2,"Sunday, November  3, 2013 11:35:49 UTC",60.0052,-153.0628,2.8,109.20,88,"Southern Alaska"
pr,13307001,0,"Sunday, November  3, 2013 11:34:02 UTC",17.9820,-66.2863,2.3,9.00,11,"Puerto Rico"
ak,10837155,2,"Sunday, November  3, 2013 11:09:08 UTC",62.5144,-149.2541,1.4,10.00,20,"Central Alaska"
ak,10840311,2,"Sunday, November  3, 2013 10:46:48 UTC",62.3864,-153.5265,1.5,4.50,15,"Central Alaska"
uu,60043492,2,"Sunday, November  3, 2013 10:11:56 UTC",44.1708,-110.1982,1.5,6.40,12,"Yellowstone National Park, Wyoming"
ak,10837139,2,"Sunday, November  3, 2013 10:02:19 UTC",62.4746,-149.7916,2.2,59.40,35,"Central Alaska"
ak,10837135,3,"Sunday, November  3, 2013 09:59:44 UTC",51.7460,-175.1214,2.2,39.90,15,"Andreanof Islands, Aleutian Islands, Alaska"
ak,10837137,2,"Sunday, November  3, 2013 09:57:13 UTC",51.3095,-177.0412,1.7,13.10,10,"Andreanof Islands, Aleutian Islands, Alaska"
ak,10837133,2,"Sunday, November  3, 2013 09:56:49 UTC",60.5787,-143.0219,1.0,10.30,12,"Southern Alaska"
ak,10840306,2,"Sunday, November  3, 2013 09:54:01 UTC",62.7290,-149.5193,1.0,17.10,16,"Central Alaska"
ak,10837126,2,"Sunday, November  3, 2013 09:37:11 UTC",63.2997,-149.6932,1.7,99.10,29,"Central Alaska"
ak,10840304,2,"Sunday, November  3, 2013 09:36:09 UTC",60.1133,-152.8185,1.8,109.90,21,"Southern Alaska"
ak,10837119,2,"Sunday, November  3, 2013 08:55:42 UTC",61.7702,-148.6358,1.8,30.90,26,"Southern Alaska"
ak,10837120,2,"Sunday, November  3, 2013 08:52:38 UTC",53.3756,-163.6017,2.8,25.10,11,"Unimak Island region, Alaska"
ak,10837117,3,"Sunday, November  3, 2013 08:50:12 UTC",53.4676,-163.7601,3.1,17.40,19,"Unimak Island region, Alaska"
ak,10837115,2,"Sunday, November  3, 2013 08:39:04 UTC",61.1409,-147.0387,1.6,0.00, 9,"Southern Alaska"
ak,10837111,2,"Sunday, November  3, 2013 08:27:41 UTC",62.1910,-150.0660,1.1,7.00,17,"Central Alaska"
nc,72100561,4,"Sunday, November  3, 2013 08:17:08 UTC",40.4707,-121.5203,1.8,5.30,14,"Lassen Peak area, California"
nc,72100556,0,"Sunday, November  3, 2013 08:16:14 UTC",38.8062,-122.7783,1.4,0.00,16,"Northern California"
ak,10840298,2,"Sunday, November  3, 2013 08:03:50 UTC",63.2322,-149.9034,1.1,86.60,16,"Central Alaska"
ak,10840296,2,"Sunday, November  3, 2013 07:50:05 UTC",60.4882,-141.4206,1.0,8.80,12,"Southern Alaska"
ak,10840295,2,"Sunday, November  3, 2013 07:41:25 UTC",63.7920,-148.3848,1.1,105.10,14,"Central Alaska"
ci,11386994,5,"Sunday, November  3, 2013 07:35:43 UTC",34.7072,-116.2962,2.0,2.00,23,"Southern California"
nc,72100546,1,"Sunday, November  3, 2013 07:16:17 UTC",38.8020,-122.8188,1.5,3.10,32,"Northern California"
ak,10837094,2,"Sunday, November  3, 2013 07:12:20 UTC",53.4129,-163.6354,3.4,27.70,23,"Unimak Island region, Alaska"
ak,10837092,3,"Sunday, November  3, 2013 07:04:46 UTC",52.3030,-169.3798,3.5,11.40,18,"Fox Islands, Aleutian Islands, Alaska"
uw,60039313,2,"Sunday, November  3, 2013 07:04:12 UTC",47.2687,-124.2988,1.5,21.80,19,"offshore Washington"
nc,72100536,1,"Sunday, November  3, 2013 06:57:18 UTC",38.8347,-122.8073,2.0,1.70,34,"Northern California"
ak,10837082,2,"Sunday, November  3, 2013 06:50:15 UTC",62.6847,-149.6313,1.5,67.70,33,"Central Alaska"
nc,72100526,4,"Sunday, November  3, 2013 06:47:22 UTC",40.4710,-121.5203,1.4,5.10, 9,"Lassen Peak area, California"
ak,10837074,2,"Sunday, November  3, 2013 06:37:03 UTC",60.4805,-141.5229,2.0,14.60,31,"Southern Alaska"
ak,10837068,2,"Sunday, November  3, 2013 06:25:41 UTC",60.4833,-141.4907,1.6,7.90,26,"Southern Alaska"
nn,00428283,1,"Sunday, November  3, 2013 06:19:56 UTC",38.5288,-118.2175,1.3,8.40,11,"Nevada"
ak,10837059,3,"Sunday, November  3, 2013 06:16:18 UTC",60.4856,-141.4559,3.4,12.10,78,"Southern Alaska"
se,110313a,A,"Sunday, November  3, 2013 06:07:11 UTC",32.9361,-80.1478,1.9,4.50, 4,"South Carolina"
ak,10837054,2,"Sunday, November  3, 2013 06:04:00 UTC",60.4847,-141.5105,1.0,17.20,12,"Southern Alaska"
ak,10837047,2,"Sunday, November  3, 2013 05:59:58 UTC",60.4980,-141.4973,2.3,2.40,31,"Southern Alaska"
uw,60622587,1,"Sunday, November  3, 2013 05:59:11 UTC",41.7323,-124.9238,2.4,2.50,10,"offshore Northern California"
ak,10837044,2,"Sunday, November  3, 2013 05:47:59 UTC",52.1989,-173.4764,2.5,80.50,10,"Andreanof Islands, Aleutian Islands, Alaska"
ak,10840284,2,"Sunday, November  3, 2013 05:43:27 UTC",60.4894,-141.4357,1.2,11.30,14,"Southern Alaska"
ak,10837037,2,"Sunday, November  3, 2013 05:40:26 UTC",60.7425,-150.7663,1.7,53.60,32,"Kenai Peninsula, Alaska"
ak,10837030,2,"Sunday, November  3, 2013 05:31:39 UTC",63.2312,-151.9169,1.7,1.80,19,"Central Alaska"
uu,60043482,4,"Sunday, November  3, 2013 05:23:49 UTC",44.7545,-110.8273,1.7,5.50,20,"Yellowstone National Park, Wyoming"
ak,10840281,2,"Sunday, November  3, 2013 05:07:14 UTC",60.4836,-141.4380,1.0,9.10,10,"Southern Alaska"
ak,10840280,2,"Sunday, November  3, 2013 05:04:14 UTC",60.4942,-141.4624,1.0,17.10,11,"Southern Alaska"
ak,10837021,2,"Sunday, November  3, 2013 04:57:43 UTC",60.4772,-141.5014,2.0,13.40,34,"Southern Alaska"
ak,10837007,3,"Sunday, November  3, 2013 04:44:07 UTC",55.4029,-162.1551,4.3,144.50,90,"Alaska Peninsula"
nc,72100471,1,"Sunday, November  3, 2013 04:44:02 UTC",38.8380,-122.8408,1.3,2.40,23,"Northern California"
ci,11386970,5,"Sunday, November  3, 2013 04:35:16 UTC",34.0207,-116.5848,2.5,11.30,79,"Southern California"
ak,10837004,2,"Sunday, November  3, 2013 04:26:52 UTC",51.4007,-175.6282,2.3,25.50,14,"Andreanof Islands, Aleutian Islands, Alaska"
ak,10836998,2,"Sunday, November  3, 2013 04:08:59 UTC",61.8315,-149.5640,1.6,40.00,32,"Southern Alaska"
nc,72100446,0,"Sunday, November  3, 2013 03:56:07 UTC",35.5540,-120.7865,1.3,7.70,14,"Central California"
ak,10840275,2,"Sunday, November  3, 2013 03:25:43 UTC",63.1650,-151.4491,1.0,13.00,15,"Central Alaska"
nc,72100436,3,"Sunday, November  3, 2013 03:23:26 UTC",40.4720,-121.5185,1.2,4.90,10,"Lassen Peak area, California"
nm,110413b,A,"Sunday, November  3, 2013 03:20:18 UTC",35.9371,-91.2870,2.1,10.90, 7,"Arkansas"
pr,13307000,0,"Sunday, November  3, 2013 03:02:17 UTC",19.1128,-66.5110,2.9,42.00, 7,"Puerto Rico region"
ci,11386954,4,"Sunday, November  3, 2013 02:19:08 UTC",33.9635,-116.6752,1.0,12.10,29,"Southern California"
uu,60043472,4,"Sunday, November  3, 2013 01:50:14 UTC",44.5460,-110.9777,1.2,14.20,14,"Yellowstone National Park, Wyoming"
ci,37163245,2,"Sunday, November  3, 2013 01:29:11 UTC",35.8933,-118.6542,1.1,8.90, 6,"Central California"
uu,60043467,4,"Sunday, November  3, 2013 00:59:50 UTC",38.9607,-111.4057,1.5,1.60,13,"Utah"
nc,72100416,4,"Sunday, November  3, 2013 00:57:47 UTC",38.6922,-122.9307,1.2,5.00,48,"Northern California"
ak,10836978,2,"Sunday, November  3, 2013 00:41:18 UTC",63.4411,-148.2652,1.4,3.40,24,"Central Alaska"
nm,110413a,A,"Sunday, November  3, 2013 00:35:25 UTC",36.5263,-89.5882,1.4,8.00,14,"southeastern Missouri"
ak,10836969,2,"Sunday, November  3, 2013 00:24:34 UTC",62.2794,-149.2622,1.8,46.60,36,"Central Alaska"
ak,10836968,2,"Sunday, November  3, 2013 00:07:19 UTC",59.9323,-138.3891,1.8,4.40,17,"Southeastern Alaska"
ak,10836960,2,"Saturday, November  2, 2013 23:48:11 UTC",63.3615,-150.0832,1.4,7.00,20,"Central Alaska"
ak,10836952,1,"Saturday, November  2, 2013 23:30:26 UTC",61.6539,-146.4195,1.8,9.80,20,"Southern Alaska"
ak,10836948,1,"Saturday, November  2, 2013 23:27:43 UTC",62.8928,-150.6844,1.9,83.20,26,"Central Alaska"
uw,60039413,2,"Saturday, November  2, 2013 23:18:20 UTC",48.1640,-122.6922,1.2,34.10,15,"Puget Sound region, Washington"
ak,10840504,2,"Saturday, November  2, 2013 22:57:50 UTC",61.9341,-150.2738,1.2,33.20, 9,"Southern Alaska"
ak,10840503,2,"Saturday, November  2, 2013 22:56:58 UTC",59.8046,-152.6491,2.1,93.00,13,"Southern Alaska"
ak,10836932,1,"Saturday, November  2, 2013 22:42:28 UTC",62.9935,-150.7901,2.2,100.00,37,"Central Alaska"
ak,10836917,2,"Saturday, November  2, 2013 22:32:10 UTC",53.4748,-163.6635,5.2,37.00,41,"Unimak Island region, Alaska"
nc,72100371,1,"Saturday, November  2, 2013 22:22:14 UTC",36.8017,-121.2722,1.9,10.00,36,"Central California"
nc,72100351,1,"Saturday, November  2, 2013 22:10:38 UTC",35.5820,-120.7765,1.5,4.50,22,"Central California"
ak,10836906,1,"Saturday, November  2, 2013 22:00:08 UTC",63.9454,-147.5878,1.3,21.00,15,"Central Alaska"
uu,60043442,2,"Saturday, November  2, 2013 21:54:53 UTC",38.9680,-111.4410,1.4,3.10, 5,"Utah"
ak,10836900,1,"Saturday, November  2, 2013 21:41:48 UTC",60.4915,-143.7207,1.6,0.20,13,"Southern Alaska"
hv,60586321,2,"Saturday, November  2, 2013 21:18:30 UTC",19.4175,-155.2600,1.8,2.60,24,"Island of Hawaii, Hawaii"
nn,00428265,1,"Saturday, November  2, 2013 21:15:30 UTC",36.6260,-115.5768,1.0,0.00, 8,"Nevada"
ak,10836893,2,"Saturday, November  2, 2013 21:14:57 UTC",61.9868,-153.7279,1.5,55.80, 3,"Southern Alaska"
nc,72100316,1,"Saturday, November  2, 2013 20:57:01 UTC",38.8220,-122.7973,1.6,3.10,34,"Northern California"
ak,10836884,1,"Saturday, November  2, 2013 20:53:12 UTC",61.6143,-151.5590,1.1,76.00, 4,"Southern Alaska"
hv,60586311,1,"Saturday, November  2, 2013 20:47:51 UTC",19.4468,-155.2850,1.9,1.50,16,"Island of Hawaii, Hawaii"
nn,00428260,1,"Saturday, November  2, 2013 20:47:09 UTC",40.0643,-119.6715,1.8,0.00,16,"Nevada"
nc,72100291,5,"Saturday, November  2, 2013 20:30:39 UTC",40.4708,-121.5230,2.3,5.10,22,"Lassen Peak area, California"
ak,10836875,1,"Saturday, November  2, 2013 20:26:23 UTC",63.9136,-147.3873,1.6,0.00,19,"Central Alaska"
uu,60043432,2,"Saturday, November  2, 2013 19:52:33 UTC",38.9582,-111.4015,2.2,0.80, 7,"Utah"
ak,10836868,1,"Saturday, November  2, 2013 19:38:28 UTC",60.1127,-150.9799,1.4,61.60, 5,"Kenai Peninsula, Alaska"
ak,10836858,1,"Saturday, November  2, 2013 19:22:44 UTC",61.5960,-148.2646,1.3,16.60, 8,"Southern Alaska"
nc,72100271,0,"Saturday, November  2, 2013 19:08:13 UTC",38.7990,-122.7582,1.1,2.30,21,"Northern California"
ak,10836835,1,"Saturday, November  2, 2013 18:57:22 UTC",60.2984,-141.0487,1.6,17.30, 7,"Southern Alaska"
pt,13306001,B,"Saturday, November  2, 2013 18:53:45 UTC",-19.1880,-172.3270,6.5,10.00,22,"Tonga region"
nc,72100251,0,"Saturday, November  2, 2013 18:41:43 UTC",38.8098,-122.8123,1.2,2.30,20,"Northern California"
ak,10836783,1,"Saturday, November  2, 2013 18:25:47 UTC",63.3416,-149.9351,1.3,75.60, 7,"Central Alaska"
ci,11386842,6,"Saturday, November  2, 2013 18:23:10 UTC",34.7077,-116.2923,3.2,1.50,41,"Southern California"
ci,11386834,4,"Saturday, November  2, 2013 18:11:13 UTC",33.0390,-115.6088,1.1,9.40,23,"Southern California"
ak,10836776,1,"Saturday, November  2, 2013 18:04:22 UTC",62.8343,-150.4429,1.4,31.90,13,"Central Alaska"
ak,10836770,1,"Saturday, November  2, 2013 17:27:40 UTC",61.1448,-148.5428,1.5,0.00, 4,"Southern Alaska"
ci,11386810,5,"Saturday, November  2, 2013 17:26:50 UTC",36.0973,-117.8795,2.4,1.80,31,"Central California"
ak,10836765,2,"Saturday, November  2, 2013 17:17:40 UTC",59.9394,-138.3470,1.9,9.60,17,"Southeastern Alaska"
ak,10836749,1,"Saturday, November  2, 2013 16:50:02 UTC",62.3343,-149.7290,1.8,53.00,19,"Central Alaska"
nn,00428248,1,"Saturday, November  2, 2013 16:44:28 UTC",38.7301,-119.6010,1.1,8.20,13,"Nevada"
pr,13306002,0,"Saturday, November  2, 2013 16:16:47 UTC",19.0720,-65.4400,3.0,19.00, 8,"Puerto Rico region"
ak,10840481,2,"Saturday, November  2, 2013 15:46:25 UTC",63.2838,-151.1162,1.0,12.10, 9,"Central Alaska"
ak,10840480,2,"Saturday, November  2, 2013 15:45:28 UTC",63.2498,-150.7153,1.4,126.00,13,"Central Alaska"
ak,10836725,1,"Saturday, November  2, 2013 15:09:11 UTC",63.4659,-150.7999,1.5,9.20,14,"Central Alaska"
nc,72100156,1,"Saturday, November  2, 2013 15:03:37 UTC",37.4763,-121.8113,1.8,7.20,25,"San Francisco Bay area, California"
nc,72100151,1,"Saturday, November  2, 2013 15:00:52 UTC",37.4745,-121.8107,2.7,7.40,72,"San Francisco Bay area, California"
nc,72100146,0,"Saturday, November  2, 2013 14:40:00 UTC",38.8152,-122.7938,1.0,2.60,18,"Northern California"
nn,00428246,1,"Saturday, November  2, 2013 14:31:17 UTC",37.9882,-118.1346,1.8,0.00,25,"Nevada"
uw,60622152,2,"Saturday, November  2, 2013 14:08:03 UTC",47.6138,-120.2687,1.0,7.00, 7,"Washington"
nc,72100116,0,"Saturday, November  2, 2013 13:29:59 UTC",38.7867,-122.8025,1.1,3.50,21,"Northern California"
se,110213a,A,"Saturday, November  2, 2013 13:20:27 UTC",38.5713,-83.7748,2.1,7.80, 7,"eastern Kentucky"
ak,10836702,1,"Saturday, November  2, 2013 12:14:46 UTC",63.4702,-148.9663,1.2,12.00,14,"Central Alaska"
nc,72100106,1,"Saturday, November  2, 2013 12:10:55 UTC",38.8207,-122.7978,1.4,3.10,31,"Northern California"
ak,10836691,1,"Saturday, November  2, 2013 12:08:30 UTC",61.6227,-146.8234,2.4,19.20,60,"Southern Alaska"
pr,13306001,0,"Saturday, November  2, 2013 12:03:46 UTC",18.5825,-66.8790,2.8,75.00,15,"Puerto Rico region"
nc,72100096,0,"Saturday, November  2, 2013 11:56:18 UTC",37.1717,-121.9150,1.2,5.20, 9,"Northern California"
nc,72100086,1,"Saturday, November  2, 2013 11:26:39 UTC",38.8387,-122.8392,1.8,2.70,37,"Northern California"
ak,10840469,2,"Saturday, November  2, 2013 10:53:45 UTC",66.3024,-149.7284,1.3,24.20,10,"northern Alaska"
ak,10840468,2,"Saturday, November  2, 2013 10:40:45 UTC",62.2932,-152.0402,1.5,101.30,12,"Central Alaska"
ak,10836682,1,"Saturday, November  2, 2013 10:35:58 UTC",60.0060,-152.6530,1.7,78.70, 9,"Southern Alaska"
ak,10836673,1,"Saturday, November  2, 2013 10:20:03 UTC",60.0758,-151.9155,1.4,55.60, 7,"Kenai Peninsula, Alaska"
nc,72100061,0,"Saturday, November  2, 2013 10:03:07 UTC",37.4758,-121.8138,1.3,7.20,15,"San Francisco Bay area, California"
ak,10836663,1,"Saturday, November  2, 2013 09:15:43 UTC",59.8259,-152.5368,1.8,57.30,15,"Southern Alaska"
nn,00428240,1,"Saturday, November  2, 2013 08:59:48 UTC",37.4974,-117.4047,1.5,4.00,13,"Nevada"
ci,11386730,5,"Saturday, November  2, 2013 08:45:04 UTC",34.4245,-117.8102,1.9,9.50,56,"Southern California"
ak,10836657,2,"Saturday, November  2, 2013 08:41:57 UTC",62.8950,-150.4119,1.2,84.70,16,"Central Alaska"
nc,72100036,1,"Saturday, November  2, 2013 07:59:17 UTC",38.8210,-122.8105,1.0,3.80,25,"Northern California"
ak,10836648,1,"Saturday, November  2, 2013 07:37:55 UTC",61.1905,-151.4165,1.6,61.30,28,"Southern Alaska"
ak,10836638,1,"Saturday, November  2, 2013 07:22:23 UTC",62.4619,-151.0419,2.1,72.20,47,"Central Alaska"
nc,72100016,1,"Saturday, November  2, 2013 07:10:02 UTC",36.8500,-121.5718,1.8,4.70,25,"Central California"
pr,13306000,0,"Saturday, November  2, 2013 07:09:30 UTC",18.7887,-64.2839,2.6,44.00, 3,"Virgin Islands region"
ak,10836631,1,"Saturday, November  2, 2013 06:50:39 UTC",62.3034,-148.4161,1.0,46.50, 5,"Central Alaska"
nc,72100006,0,"Saturday, November  2, 2013 06:27:23 UTC",38.7485,-122.6805,1.2,8.30, 9,"Northern California"
ci,11386706,4,"Saturday, November  2, 2013 06:19:14 UTC",33.9192,-117.9297,1.1,6.60,20,"Greater Los Angeles area, California"
ci,11386698,4,"Saturday, November  2, 2013 06:18:37 UTC",31.2802,-115.7652,3.4,0.00, 6,"Baja California, Mexico"
ak,10836620,1,"Saturday, November  2, 2013 06:15:19 UTC",62.8678,-149.5653,1.0,53.90, 6,"Central Alaska"
ak,10836621,1,"Saturday, November  2, 2013 06:12:26 UTC",64.5808,-149.7141,1.1,38.00, 5,"Central Alaska"
ak,10836616,1,"Saturday, November  2, 2013 06:05:05 UTC",62.1593,-149.9391,1.4,25.10, 7,"Central Alaska"
ci,11386690,4,"Saturday, November  2, 2013 06:01:51 UTC",36.4257,-117.8805,1.6,5.30,16,"Central California"
ak,10836604,2,"Saturday, November  2, 2013 05:58:13 UTC",60.2305,-152.6449,3.4,108.60,66,"Southern Alaska"
ci,11386682,4,"Saturday, November  2, 2013 05:31:54 UTC",34.0648,-117.2522,1.1,13.90,45,"Greater Los Angeles area, California"
ak,10836598,1,"Saturday, November  2, 2013 05:18:00 UTC",64.4024,-150.8817,1.5,21.80,12,"Central Alaska"
ci,11386666,4,"Saturday, November  2, 2013 05:15:10 UTC",36.0968,-117.8793,1.1,2.10,19,"Central California"
ak,10836590,2,"Saturday, November  2, 2013 05:10:29 UTC",53.9755,-164.3752,2.6,12.50,12,"Unimak Island region, Alaska"
ci,11386634,4,"Saturday, November  2, 2013 04:47:50 UTC",31.2158,-115.7792,3.2,2.20, 6,"Baja California, Mexico"
nc,72099981,0,"Saturday, November  2, 2013 04:38:47 UTC",38.0025,-118.7325,1.6,2.50, 5,"Central California"
ak,10836586,1,"Saturday, November  2, 2013 04:30:52 UTC",61.6899,-149.7133,1.3,40.50, 9,"Southern Alaska"
nc,72099956,0,"Saturday, November  2, 2013 03:44:14 UTC",38.8088,-122.7862,1.0,3.10,10,"Northern California"
ak,10836566,1,"Saturday, November  2, 2013 03:30:32 UTC",63.2512,-151.3833,1.6,9.60,14,"Central Alaska"
nn,00428233,1,"Saturday, November  2, 2013 03:23:02 UTC",38.3445,-118.5598,1.0,16.00, 4,"Nevada"
ak,10836561,1,"Saturday, November  2, 2013 03:01:21 UTC",61.1527,-146.9936,1.9,0.30,11,"Southern Alaska"
ak,10836557,1,"Saturday, November  2, 2013 02:53:40 UTC",61.2237,-151.7321,1.9,80.60, 8,"Southern Alaska"
ci,11386618,5,"Saturday, November  2, 2013 02:49:15 UTC",34.1917,-117.2908,1.2,0.70,37,"Greater Los Angeles area, California"
ci,11386610,5,"Saturday, November  2, 2013 02:35:36 UTC",32.9497,-115.5450,2.0,9.80,24,"Southern California"
ak,10836461,1,"Saturday, November  2, 2013 01:58:36 UTC",59.7142,-152.1986,1.3,22.00, 4,"Southern Alaska"
ak,10836453,1,"Saturday, November  2, 2013 01:40:23 UTC",60.4129,-151.9771,1.8,44.40,34,"Kenai Peninsula, Alaska"
ak,10836446,1,"Saturday, November  2, 2013 01:36:04 UTC",61.4386,-151.5774,2.0,75.30,25,"Southern Alaska"
nc,72099921,1,"Saturday, November  2, 2013 01:35:14 UTC",38.8180,-122.7980,1.5,4.00,31,"Northern California"
nc,72099906,0,"Saturday, November  2, 2013 00:56:00 UTC",38.8262,-122.7610,1.1,2.30, 7,"Northern California"
nc,72099896,0,"Saturday, November  2, 2013 00:35:59 UTC",38.4292,-122.8145,2.2,0.10, 5,"Northern California"
ak,10836434,1,"Saturday, November  2, 2013 00:34:51 UTC",63.2697,-151.3942,1.7,0.00,16,"Central Alaska"
ak,10840431,2,"Saturday, November  2, 2013 00:21:15 UTC",63.0617,-150.6059,1.2,113.10,10,"Central Alaska"
ak,10836430,1,"Saturday, November  2, 2013 00:08:54 UTC",60.8631,-146.4840,1.8,22.90,13,"Southern Alaska"
ak,10836425,1,"Saturday, November  2, 2013 00:00:10 UTC",63.3164,-144.9517,1.2,6.80, 5,"Central Alaska"
ak,10840140,2,"Friday, November  1, 2013 23:13:11 UTC",60.1453,-148.4605,1.5,6.10, 5,"Kenai Peninsula, Alaska"
ak,10836416,1,"Friday, November  1, 2013 23:04:43 UTC",61.1726,-147.0704,1.6,2.30, 5,"Southern Alaska"
ak,10840138,2,"Friday, November  1, 2013 23:02:35 UTC",51.5493,-178.1646,1.8,24.00, 6,"Andreanof Islands, Aleutian Islands, Alaska"
pr,13305002,0,"Friday, November  1, 2013 22:58:47 UTC",19.1131,-64.7947,3.0,9.00, 8,"Virgin Islands region"
ak,10836417,1,"Friday, November  1, 2013 22:55:07 UTC",62.5555,-150.7524,1.6,46.50, 4,"Central Alaska"
uw,60621767,2,"Friday, November  1, 2013 22:53:44 UTC",47.3408,-122.3153,1.8,22.90,36,"Seattle-Tacoma urban area, Washington"
ci,11386562,4,"Friday, November  1, 2013 22:50:34 UTC",34.1947,-117.2878,1.1,1.50,34,"Greater Los Angeles area, California"
ak,10836209,1,"Friday, November  1, 2013 22:47:44 UTC",63.3306,-149.9336,1.6,100.00,25,"Central Alaska"
nc,72099871,0,"Friday, November  1, 2013 22:37:49 UTC",36.6230,-121.2365,1.2,4.80,11,"Central California"
nc,72099861,1,"Friday, November  1, 2013 22:34:22 UTC",40.2943,-124.3483,2.3,17.60,14,"Northern California"
ci,11386554,5,"Friday, November  1, 2013 22:31:31 UTC",33.0325,-116.4285,1.4,7.60,43,"Southern California"
uw,60621727,1,"Friday, November  1, 2013 22:11:51 UTC",45.6875,-122.3450,1.1,0.00,11,"Washington"
ci,11386538,5,"Friday, November  1, 2013 21:47:29 UTC",34.0285,-117.1062,1.1,10.50,39,"Greater Los Angeles area, California"
ak,10836178,1,"Friday, November  1, 2013 21:34:29 UTC",62.9638,-150.3525,2.1,82.40,36,"Central Alaska"
nc,72099846,5,"Friday, November  1, 2013 21:32:15 UTC",37.3247,-119.9163,2.7,22.00,54,"Central California"
nc,72099851,0,"Friday, November  1, 2013 21:31:30 UTC",38.7825,-122.7595,1.6,0.90, 9,"Northern California"
ak,10840134,2,"Friday, November  1, 2013 21:16:22 UTC",63.6585,-149.4472,1.2,119.00, 7,"Central Alaska"
mb,13957108,2,"Friday, November  1, 2013 21:14:30 UTC",44.1890,-116.4053,2.2,9.90,11,"southern Idaho"
nc,72099826,1,"Friday, November  1, 2013 20:58:42 UTC",36.7857,-121.5297,2.8,9.20,66,"Central California"
ak,10840132,2,"Friday, November  1, 2013 20:56:33 UTC",60.4489,-147.7217,1.4,6.70, 7,"Southern Alaska"
ak,10840131,2,"Friday, November  1, 2013 20:51:10 UTC",60.4441,-147.7243,1.3,3.50, 6,"Southern Alaska"
ci,11386506,4,"Friday, November  1, 2013 20:46:30 UTC",33.8480,-117.4895,1.2,0.00,26,"Greater Los Angeles area, California"
ak,10836136,2,"Friday, November  1, 2013 20:42:32 UTC",51.2835,-177.1400,1.9,28.50, 8,"Andreanof Islands, Aleutian Islands, Alaska"
nc,72099811,0,"Friday, November  1, 2013 20:38:17 UTC",39.5962,-121.5902,2.3,0.60, 8,"Northern California"
nc,72099806,2,"Friday, November  1, 2013 20:30:11 UTC",40.7508,-122.3077,1.8,0.00,23,"Northern California"
pr,13305001,0,"Friday, November  1, 2013 20:19:30 UTC",17.9134,-66.7830,2.0,9.00,10,"Puerto Rico region"
ak,10836112,1,"Friday, November  1, 2013 20:07:06 UTC",62.0802,-151.0916,2.3,75.40,39,"Central Alaska"
ci,11386490,4,"Friday, November  1, 2013 19:25:27 UTC",34.3017,-116.4510,1.1,8.30,28,"Southern California"
ak,10836089,1,"Friday, November  1, 2013 18:59:01 UTC",63.2829,-151.0643,1.2,15.10, 7,"Central Alaska"
ak,10836085,1,"Friday, November  1, 2013 18:51:47 UTC",60.7865,-151.2904,1.4,49.60, 5,"Kenai Peninsula, Alaska"
ak,10840121,2,"Friday, November  1, 2013 18:35:44 UTC",62.3721,-151.2210,1.2,82.20, 8,"Central Alaska"
nc,72099746,1,"Friday, November  1, 2013 18:32:08 UTC",38.8252,-122.7963,1.7,3.20,39,"Northern California"
nc,72099756,2,"Friday, November  1, 2013 18:32:04 UTC",37.9847,-122.4542,1.2,0.00,23,"San Francisco Bay area, California"
ak,10840120,2,"Friday, November  1, 2013 18:29:04 UTC",61.5786,-150.0643,1.1,56.90, 6,"Southern Alaska"
nn,00428203,1,"Friday, November  1, 2013 18:21:46 UTC",36.7185,-116.3408,2.7,6.80,18,"Nevada"
pr,13305000,0,"Friday, November  1, 2013 18:17:31 UTC",17.9435,-66.9750,2.4,10.00,11,"Puerto Rico region"
nc,72099736,0,"Friday, November  1, 2013 18:17:07 UTC",38.7563,-122.7232,1.5,2.60,19,"Northern California"
nc,72099731,1,"Friday, November  1, 2013 18:14:27 UTC",36.8745,-121.6088,2.7,4.60,51,"Central California"
uw,60038808,1,"Friday, November  1, 2013 18:13:28 UTC",49.1822,-122.1397,1.0,0.00,13,"British Columbia, Canada"
ci,11386458,5,"Friday, November  1, 2013 17:59:33 UTC",33.6467,-116.7662,1.0,14.30,27,"Southern California"
nn,00428566,1,"Friday, November  1, 2013 17:54:38 UTC",40.5070,-119.6069,1.2,16.90, 5,"Nevada"
nc,72099686,0,"Friday, November  1, 2013 17:35:39 UTC",36.5823,-121.1912,1.9,3.90,18,"Central California"
nc,72099676,1,"Friday, November  1, 2013 17:31:20 UTC",36.5848,-121.1895,2.2,6.70,36,"Central California"
ak,10840117,2,"Friday, November  1, 2013 17:30:06 UTC",62.2162,-150.1707,1.0,16.40, 6,"Central Alaska"
nc,72099701,2,"Friday, November  1, 2013 17:28:33 UTC",40.1890,-121.0922,1.6,8.70,11,"Northern California"
ak,10840116,2,"Friday, November  1, 2013 17:24:24 UTC",57.8598,-156.1235,2.4,122.40, 9,"Alaska Peninsula"
nc,72099671,0,"Friday, November  1, 2013 17:16:21 UTC",38.8203,-122.8247,1.0,1.20,19,"Northern California"
ci,11386450,2,"Friday, November  1, 2013 17:13:28 UTC",34.9567,-117.0977,1.2,9.10,12,"Southern California"
nc,72099661,0,"Friday, November  1, 2013 17:11:47 UTC",38.8197,-122.8245,1.4,1.40,24,"Northern California"
ak,10840115,2,"Friday, November  1, 2013 17:09:58 UTC",63.0832,-150.5553,1.2,110.50, 7,"Central Alaska"
ak,10836046,1,"Friday, November  1, 2013 16:57:33 UTC",60.6682,-152.5758,1.0,10.30,10,"Southern Alaska"
ci,11386442,4,"Friday, November  1, 2013 16:11:31 UTC",33.2643,-115.9975,1.2,4.80,27,"Southern California"
nc,72099651,0,"Friday, November  1, 2013 16:09:07 UTC",36.6072,-121.0627,1.3,9.10,11,"Central California"
ak,10840112,2,"Friday, November  1, 2013 15:47:42 UTC",51.4475,-175.4772,2.2,34.60, 5,"Andreanof Islands, Aleutian Islands, Alaska"
ak,10840110,2,"Friday, November  1, 2013 15:01:32 UTC",60.6846,-137.8178,1.3,1.00, 5,"Southern Yukon Territory, Canada"
ak,10840109,2,"Friday, November  1, 2013 14:52:14 UTC",60.6329,-147.6337,1.2,5.80, 6,"Southern Alaska"
nc,72099641,2,"Friday, November  1, 2013 14:41:48 UTC",37.7518,-122.5212,1.0,11.10,16,"offshore Northern California"
ci,11386418,2,"Friday, November  1, 2013 14:39:22 UTC",34.8150,-120.3797,1.3,0.00,19,"Central California"
uu,60043322,2,"Friday, November  1, 2013 14:32:51 UTC",41.6078,-112.4327,1.1,6.10,16,"Utah"
ak,10840108,2,"Friday, November  1, 2013 14:24:12 UTC",60.5816,-151.0464,1.3,29.20, 6,"Kenai Peninsula, Alaska"
ak,10836012,1,"Friday, November  1, 2013 14:05:15 UTC",60.3353,-143.2146,1.3,10.50, 5,"Southern Alaska"
ci,11386386,4,"Friday, November  1, 2013 13:58:07 UTC",33.9488,-118.3350,1.6,7.10,22,"Greater Los Angeles area, California"
nc,72099616,0,"Friday, November  1, 2013 13:55:21 UTC",35.6642,-121.0707,1.5,6.70,15,"Central California"
ak,10840106,2,"Friday, November  1, 2013 13:16:22 UTC",52.5504,-168.9514,1.9,26.10, 5,"Fox Islands, Aleutian Islands, Alaska"
ak,10840105,2,"Friday, November  1, 2013 13:07:04 UTC",60.4598,-150.9453,1.4,53.40, 7,"Kenai Peninsula, Alaska"
nc,72099596,0,"Friday, November  1, 2013 12:44:43 UTC",38.8222,-122.7633,1.1,1.80,15,"Northern California"
ak,10840102,2,"Friday, November  1, 2013 12:36:24 UTC",61.7981,-150.6306,1.2,57.60, 7,"Southern Alaska"
ci,11386370,4,"Friday, November  1, 2013 12:33:00 UTC",34.8192,-120.3712,1.6,0.10,25,"Central California"
nc,72099551,0,"Friday, November  1, 2013 12:09:23 UTC",38.7423,-122.7232,1.0,4.00, 8,"Northern California"
nc,72099546,0,"Friday, November  1, 2013 11:51:25 UTC",37.6145,-118.4198,1.7,9.20,17,"Central California"
ci,11386346,5,"Friday, November  1, 2013 11:47:18 UTC",36.1133,-117.8545,1.7,0.10,28,"Central California"
ak,10840101,2,"Friday, November  1, 2013 11:42:54 UTC",62.7088,-151.0538,1.2,82.60, 9,"Central Alaska"
ak,10835996,1,"Friday, November  1, 2013 11:42:31 UTC",60.5010,-141.4606,1.4,4.20, 8,"Southern Alaska"
ak,10835991,1,"Friday, November  1, 2013 11:33:04 UTC",60.0224,-150.9287,2.1,50.20,29,"Kenai Peninsula, Alaska"
ak,10840098,2,"Friday, November  1, 2013 11:27:51 UTC",60.3842,-151.0342,1.2,22.00, 8,"Kenai Peninsula, Alaska"
ak,10835989,1,"Friday, November  1, 2013 11:23:50 UTC",61.8055,-143.7604,1.8,9.80,10,"Southern Alaska"
ak,10840096,2,"Friday, November  1, 2013 11:18:02 UTC",57.9978,-151.3013,2.1,1.00, 5,"Kodiak Island region, Alaska"
ak,10840095,2,"Friday, November  1, 2013 11:17:14 UTC",62.9401,-151.1696,1.3,121.30,10,"Central Alaska"
ak,10840093,2,"Friday, November  1, 2013 10:46:12 UTC",54.3243,-162.6564,2.3,16.10, 5,"Alaska Peninsula"
ak,10836168,2,"Friday, November  1, 2013 10:43:27 UTC",53.5894,-165.3092,2.0,40.80,13,"Fox Islands, Aleutian Islands, Alaska"
uu,60043317,2,"Friday, November  1, 2013 10:32:00 UTC",38.0950,-112.5838,1.5,3.60,15,"Utah"
ak,10840091,2,"Friday, November  1, 2013 09:13:58 UTC",62.6875,-149.4294,1.0,65.40, 8,"Central Alaska"
ak,10840089,2,"Friday, November  1, 2013 09:03:09 UTC",55.3668,-163.3635,2.4,89.50, 5,"Unimak Island region, Alaska"
ak,10835976,1,"Friday, November  1, 2013 08:46:33 UTC",65.8243,-147.6982,1.4,15.50, 8,"northern Alaska"
uw,60621302,2,"Friday, November  1, 2013 08:21:23 UTC",48.6492,-121.5587,1.1,4.20,18,"Washington"
ak,10840086,2,"Friday, November  1, 2013 08:09:42 UTC",66.3104,-141.8987,1.3,49.40, 5,"northern Alaska"
ci,11386266,5,"Friday, November  1, 2013 08:05:28 UTC",33.4560,-117.0590,1.9,17.90,65,"Southern California"
ak,10835972,1,"Friday, November  1, 2013 08:00:53 UTC",61.6055,-141.1485,1.7,0.20, 8,"Southern Alaska"
ak,10840083,2,"Friday, November  1, 2013 07:30:36 UTC",50.9889,179.2727,3.2,115.30, 6,"Rat Islands, Aleutian Islands, Alaska"
ak,10840082,2,"Friday, November  1, 2013 07:19:38 UTC",62.0274,-151.2715,1.2,8.60, 6,"Central Alaska"
nc,72099521,1,"Friday, November  1, 2013 07:14:30 UTC",38.8140,-122.8163,2.1,2.50,40,"Northern California"
ak,10835966,1,"Friday, November  1, 2013 07:05:39 UTC",60.5113,-152.7309,1.8,6.60,19,"Southern Alaska"
ci,11386258,4,"Friday, November  1, 2013 06:54:33 UTC",36.0728,-117.7302,1.5,1.30,23,"Central California"
ak,10840080,2,"Friday, November  1, 2013 06:52:47 UTC",53.2460,-165.9782,1.5,25.60, 5,"Fox Islands, Aleutian Islands, Alaska"
nc,72099511,0,"Friday, November  1, 2013 06:49:21 UTC",38.8312,-122.8687,1.4,2.00,21,"Northern California"
ak,10840078,2,"Friday, November  1, 2013 06:33:55 UTC",62.6156,-151.0986,1.1,82.40, 6,"Central Alaska"
nc,72099501,5,"Friday, November  1, 2013 06:19:41 UTC",36.2488,-120.8157,3.2,7.30,103,"Central California"
ci,11386218,4,"Friday, November  1, 2013 06:11:11 UTC",33.1837,-115.5752,1.3,1.80,25,"Southern California"
ci,11386186,4,"Friday, November  1, 2013 05:54:51 UTC",33.1868,-115.5712,1.2,1.50,18,"Southern California"
ci,11386170,4,"Friday, November  1, 2013 05:39:58 UTC",33.0362,-116.4253,1.0,5.10,30,"Southern California"
ak,10835937,1,"Friday, November  1, 2013 05:33:11 UTC",60.3896,-151.1018,2.0,29.70,36,"Kenai Peninsula, Alaska"
ak,10835934,1,"Friday, November  1, 2013 05:28:55 UTC",61.8955,-149.2688,1.2,14.90,12,"Southern Alaska"
nc,72099476,0,"Friday, November  1, 2013 05:26:41 UTC",38.7655,-122.7168,1.7,2.40,20,"Northern California"
ak,10840074,2,"Friday, November  1, 2013 05:18:05 UTC",62.3981,-151.3822,1.2,89.10, 8,"Central Alaska"
ci,11386162,5,"Friday, November  1, 2013 05:11:32 UTC",35.4787,-118.2908,1.3,4.40,41,"Central California"
ak,10840073,2,"Friday, November  1, 2013 04:45:21 UTC",62.9944,-150.5472,1.1,90.20, 8,"Central Alaska"
ak,10835926,2,"Friday, November  1, 2013 04:23:03 UTC",51.1715,-178.5925,3.4,16.00,17,"Andreanof Islands, Aleutian Islands, Alaska"
ak,10840071,2,"Friday, November  1, 2013 04:09:02 UTC",51.1423,-176.1964,1.9,14.10, 6,"Andreanof Islands, Aleutian Islands, Alaska"
ci,11386130,4,"Friday, November  1, 2013 04:04:24 UTC",33.1838,-115.5785,1.6,0.00,24,"Southern California"
ak,10840069,2,"Friday, November  1, 2013 04:01:14 UTC",63.5085,-151.0464,1.2,16.70, 6,"Central Alaska"
ci,11386106,4,"Friday, November  1, 2013 03:44:55 UTC",33.1848,-115.5708,1.3,2.10,21,"Southern California"
ak,10835904,1,"Friday, November  1, 2013 03:30:57 UTC",62.8621,-148.3453,2.1,55.80,46,"Central Alaska"
nc,72099426,2,"Friday, November  1, 2013 03:17:38 UTC",38.8307,-122.8688,1.0,1.70,32,"Northern California"
nc,72099421,0,"Friday, November  1, 2013 03:17:38 UTC",38.8308,-122.8658,1.2,1.50,14,"Northern California"
nc,72099416,0,"Friday, November  1, 2013 03:15:39 UTC",36.6473,-121.2798,1.7,7.90,20,"Central California"
nc,72099396,0,"Friday, November  1, 2013 03:05:38 UTC",37.5830,-122.6248,1.2,2.10, 5,"offshore Northern California"
nc,72099406,2,"Friday, November  1, 2013 03:04:47 UTC",37.5795,-122.5135,1.2,7.90,17,"San Francisco Bay area, California"
nc,72099381,3,"Friday, November  1, 2013 03:00:10 UTC",40.2933,-124.5073,2.5,19.50,32,"offshore Northern California"
uu,60002210,2,"Friday, November  1, 2013 02:56:52 UTC",38.7345,-112.5672,1.3,0.70,11,"Utah"
uu,60043307,2,"Friday, November  1, 2013 02:56:36 UTC",41.1732,-111.2288,1.4,5.60,14,"Utah"
ci,11386082,5,"Friday, November  1, 2013 02:52:23 UTC",35.3472,-118.5765,2.2,5.50,50,"Central California"
uu,60043302,2,"Friday, November  1, 2013 02:45:45 UTC",40.8042,-111.8113,1.0,5.60,35,"Wasatch Front Urban Corridor, Utah"
ak,10840065,2,"Friday, November  1, 2013 02:14:27 UTC",63.1617,-149.9363,1.0,92.40, 8,"Central Alaska"
ak,10835895,1,"Friday, November  1, 2013 02:09:48 UTC",63.4552,-147.9888,1.1,81.50, 7,"Central Alaska"
ak,10840063,2,"Friday, November  1, 2013 02:05:51 UTC",63.6059,-149.7040,1.2,114.10, 9,"Central Alaska"
ak,10835891,1,"Friday, November  1, 2013 01:51:04 UTC",63.5220,-147.3048,1.4,12.30,14,"Central Alaska"
ak,10840061,2,"Friday, November  1, 2013 01:44:54 UTC",52.0438,-175.0463,1.3,13.30, 6,"Andreanof Islands, Aleutian Islands, Alaska"
ak,10835889,2,"Friday, November  1, 2013 01:43:28 UTC",51.7852,-178.0206,1.3,9.30, 7,"Andreanof Islands, Aleutian Islands, Alaska"
ak,10840058,2,"Friday, November  1, 2013 01:41:24 UTC",65.7950,-147.4945,1.0,17.70, 8,"northern Alaska"
ak,10835880,1,"Friday, November  1, 2013 01:12:38 UTC",62.3006,-151.2848,2.2,99.70,34,"Central Alaska"
ci,11386034,5,"Friday, November  1, 2013 00:52:58 UTC",33.4407,-116.5663,1.4,10.70,30,"Southern California"
ci,11386026,5,"Friday, November  1, 2013 00:52:49 UTC",33.6493,-116.7167,1.3,17.40,32,"Southern California"
ak,10840055,2,"Friday, November  1, 2013 00:49:05 UTC",60.0819,-153.3130,1.6,137.00, 7,"Southern Alaska"
ci,11386010,4,"Friday, November  1, 2013 00:42:14 UTC",33.1607,-115.6553,1.5,0.60,25,"Southern California"
ci,11386002,5,"Friday, November  1, 2013 00:41:15 UTC",33.1605,-115.6568,1.6,1.70,39,"Southern California"
ci,11385994,4,"Friday, November  1, 2013 00:39:02 UTC",33.9965,-117.1820,1.0,16.40,32,"Greater Los Angeles area, California"
nc,72099321,0,"Friday, November  1, 2013 00:37:55 UTC",36.5893,-121.1923,1.4,7.60,11,"Central California"
ci,11385986,5,"Friday, November  1, 2013 00:37:43 UTC",33.2627,-116.0000,1.6,6.30,47,"Southern California"
nc,72099316,0,"Friday, November  1, 2013 00:36:21 UTC",38.7882,-122.7445,1.0,1.40,14,"Northern California"
ak,10835866,1,"Friday, November  1, 2013 00:34:34 UTC",60.4954,-141.4600,1.7,5.10,10,"Southern Alaska"
ci,11385978,4,"Friday, November  1, 2013 00:24:48 UTC",33.1610,-115.6532,1.3,1.40,27,"Southern California"
ak,10835858,1,"Friday, November  1, 2013 00:23:49 UTC",60.5026,-141.6157,1.5,13.40, 9,"Southern Alaska"
ak,10840051,2,"Friday, November  1, 2013 00:23:25 UTC",51.7508,-179.6047,1.9,86.30, 6,"Andreanof Islands, Aleutian Islands, Alaska"
uw,60621092,2,"Friday, November  1, 2013 00:11:27 UTC",46.4455,-122.4218,1.2,0.00,28,"Washington"
ci,11385954,4,"Friday, November  1, 2013 00:11:27 UTC",33.1640,-115.6533,2.4,1.20,38,"Southern California"
ci,11385946,5,"Friday, November  1, 2013 00:08:33 UTC",33.1630,-115.6523,1.2,0.90,43,"Southern California"
ak,10840050,2,"Friday, November  1, 2013 00:01:46 UTC",64.2098,-137.1865,2.0,43.20, 5,"Southern Yukon Territory, Canada"
uu,60043292,2,"Friday, November  1, 2013 00:01:44 UTC",39.0057,-111.3463,1.2,6.50, 7,"Utah"
ci,11385938,4,"Friday, November  1, 2013 00:00:48 UTC",33.1583,-115.6712,1.3,0.30, 9,"Southern California"
ak,10835847,1,"Thursday, October 31, 2013 23:58:10 UTC",63.9293,-148.9090,2.0,0.00,29,"Central Alaska"
ci,11385914,2,"Thursday, October 31, 2013 23:46:20 UTC",33.2502,-116.0868,1.2,4.80,14,"Southern California"
ak,10838108,2,"Thursday, October 31, 2013 23:36:35 UTC",60.6771,-152.0603,1.4,95.80,16,"Southern Alaska"
ak,10838107,2,"Thursday, October 31, 2013 23:26:54 UTC",51.3243,-178.9966,1.7,25.60, 7,"Andreanof Islands, Aleutian Islands, Alaska"
ak,10838106,2,"Thursday, October 31, 2013 23:24:51 UTC",63.5525,-147.6156,1.1,2.00,12,"Central Alaska"
ci,11385898,2,"Thursday, October 31, 2013 23:18:26 UTC",36.0093,-117.8275,1.0,2.80, 8,"Central California"
nc,72099271,0,"Thursday, October 31, 2013 22:57:35 UTC",37.5230,-118.8237,1.4,8.10,14,"Central California"
nc,72099261,0,"Thursday, October 31, 2013 22:51:32 UTC",38.8293,-122.8682,1.2,2.00,20,"Northern California"
nc,72099256,2,"Thursday, October 31, 2013 22:46:07 UTC",37.6775,-119.4402,1.2,12.80,14,"Central California"
nn,00428141,1,"Thursday, October 31, 2013 22:31:26 UTC",36.9353,-117.8269,1.1,0.00,12,"Central California"
pr,13304003,0,"Thursday, October 31, 2013 22:24:31 UTC",18.9132,-64.8925,3.0,90.00, 5,"Virgin Islands region"
hv,60585571,1,"Thursday, October 31, 2013 21:58:34 UTC",19.4092,-155.2588,2.1,5.80,19,"Island of Hawaii, Hawaii"
ci,11385858,4,"Thursday, October 31, 2013 21:57:54 UTC",33.4192,-116.6188,1.1,9.30,36,"Southern California"
hv,60585551,1,"Thursday, October 31, 2013 21:52:12 UTC",19.3973,-155.3348,1.9,21.00,10,"Island of Hawaii, Hawaii"
ak,10835733,2,"Thursday, October 31, 2013 21:39:44 UTC",63.2236,-151.6940,1.0,15.20, 5,"Central Alaska"
uu,60043267,2,"Thursday, October 31, 2013 21:35:57 UTC",36.9885,-112.8737,1.3,18.40, 9,"Arizona"
ci,11385850,5,"Thursday, October 31, 2013 21:30:01 UTC",34.4948,-116.5192,2.8,9.50,82,"Southern California"
ci,11385842,4,"Thursday, October 31, 2013 21:29:45 UTC",33.8440,-117.4980,1.4,0.00,13,"Greater Los Angeles area, California"
ak,10838102,2,"Thursday, October 31, 2013 21:17:00 UTC",59.2257,-153.8182,2.0,124.80,19,"Southern Alaska"
uw,60620917,1,"Thursday, October 31, 2013 21:08:13 UTC",49.3313,-120.5877,2.2,0.00,11,"British Columbia, Canada"
ak,10838101,2,"Thursday, October 31, 2013 20:59:58 UTC",60.8957,-152.4905,1.6,120.00,18,"Southern Alaska"
ci,11385818,4,"Thursday, October 31, 2013 20:59:47 UTC",33.8503,-117.4973,1.4,0.00,35,"Greater Los Angeles area, California"
ak,10835690,1,"Thursday, October 31, 2013 20:37:33 UTC",64.7469,-148.9821,1.0,28.90, 7,"Central Alaska"
